County,State,2013,2014,2015,2016,2017,2018
Ada County, ID,180900,197800,218900,232500,256400,296800
Adams County, PA,192900,190700,193800,206900,203500,206800
Adams County, CO,191900,200600,240300,275100,308400,343400
Adams County, IL,108800,112300,117600,130500,128200,137800
Aiken County, SC,120300,136500,141400,148100,144600,154000
Alachua County, FL,156400,159300,170900,177100,172500,193100
Alamance County, NC,139800,133700,141100,148700,153800,151900
Alameda County, CA,518900,587600,656700,713600,781000,842000
Albany County, NY,206800,208200,209300,221500,227000,224300
Albemarle County, VA,319300,343900,324700,331700,336200,389100
Alexandria city, VA,462500,520300,541700,578500,573200,561800
Allegan County, MI,140100,136800,152500,157600,160000,170200
Allegany County, MD,117700,122700,115500,115400,120400,113900
Allegheny County, PA,127500,133500,141700,147100,153500,163300
Allen County, OH,111200,98800,113500,112000,121500,118600
Allen County, IN,110600,113600,123100,121300,133100,132400
Anchorage Municipality, AK,295500,289400,302500,320800,320000,321300
Anderson County, SC,130200,125800,136000,132900,142600,146300
Anderson County, TN,120100,139300,128700,127600,155200,152500
Androscoggin County, ME,145900,153800,147500,155800,153500,158900
Angelina County, TX,90100,80800,96200,104600,111700,109300
Anne Arundel County, MD,329300,336000,345900,359600,360200,371400
Anoka County, MN,178200,188300,205300,215200,229900,247000
Apache County, AZ,93900,82900,58400,72800,49400,52300
Arapahoe County, CO,236400,257700,290800,319000,366300,392400
Arecibo Municipio, PR,87000,105300,93800,96700,97800,95900
Arlington County, VA,598200,604600,655000,678100,735100,707000
Armstrong County, PA,90200,89400,108200,94500,114400,115300
Aroostook County, ME,90400,89000,104200,98800,101000,96700
Ascension Parish, LA,172600,162700,183300,195600,211000,221500
Ashtabula County, OH,103900,100800,107300,111400,113400,112700
Athens County, OH,,,124500,108400,154400,118400
Atlantic County, NJ,218600,217000,223400,215100,211600,219300
Augusta County, VA,197500,206200,198900,213500,211700,225200
Baldwin County, AL,167500,180100,177800,189100,199800,193800
Baltimore city, MD,150000,150800,155600,153500,154400,167800
Baltimore County, MD,236800,246400,250200,256800,259700,269900
Bannock County, ID,145300,139600,151500,146100,156900,165800
Barnstable County, MA,361300,359700,375300,383200,401100,408000
Barrow County, GA,112400,117300,140800,142300,156400,169300
Bartholomew County, IN,129800,132400,136800,147500,148500,155700
Bartow County, GA,131400,117100,144400,155700,165400,177900
Bastrop County, TX,113500,126300,156900,182300,180900,171600
Bay County, FL,142800,163200,165600,177700,171500,179200
Bay County, MI,88400,104600,94100,100600,102800,105900
Bayam??n Municipio, PR,146600,140100,139200,134900,127700,128100
Beaufort County, SC,265600,271100,277800,272400,305300,312200
Beaver County, PA,120500,119600,131500,137600,138300,140800
Bedford County, VA,192700,202400,198500,200300,198900,205400
Bell County, TX,131600,127700,133200,141100,147200,153500
Belmont County, OH,85400,92300,92600,99500,115200,98500
Benton County, OR,276300,265800,275800,312400,351100,356600
Benton County, AR,143500,157200,166200,170200,180500,196700
Benton County, WA,176500,189500,197300,206500,238900,261200
Bergen County, NJ,435100,434400,451100,462800,470300,476200
Berkeley County, WV,158200,161900,170600,174100,174000,177500
Berkeley County, SC,152100,155100,164700,174500,184500,195900
Berks County, PA,166900,168600,171100,174800,173700,186000
Berkshire County, MA,199700,202200,209400,198100,205900,224800
Bernalillo County, NM,185000,184600,189000,194200,198000,208400
Berrien County, MI,123100,141600,141200,153600,150400,152900
Bexar County, TX,126500,133500,142100,150200,160100,169700
Bibb County, GA,123000,110600,106600,113000,117400,125300
Black Hawk County, IA,127800,134700,140500,141800,153300,143900
Blair County, PA,115200,112500,114800,114700,129600,128500
Blount County, TN,155500,165100,169600,173000,175500,197200
Blue Earth County, MN,161300,165500,171100,172200,185600,191900
Bonneville County, ID,153100,157500,166200,165300,170900,198900
Boone County, MO,172900,170700,181000,178500,181900,192200
Boone County, KY,175300,181300,185700,178600,191500,195800
Boone County, IN,,,,,221600,244900
Bossier Parish, LA,150500,155400,168500,175500,170400,159600
Boulder County, CO,349100,383100,416500,467600,504800,554100
Bowie County, TX,104600,117100,101400,111100,132000,116500
Bradley County, TN,144100,137800,154000,147400,166100,166300
Brazoria County, TX,147600,150300,164300,174800,195200,205600
Brazos County, TX,150100,161200,177000,187600,190600,231700
Brevard County, FL,135900,149400,158800,175600,195400,221300
Bristol County, MA,267300,274500,275000,290900,301800,317500
Bronx County, NY,369400,359100,368500,378000,400300,436100
Broome County, NY,107700,114200,111900,121600,114200,119500
Broomfield County, CO,,,342800,383600,416600,444600
Broward County, FL,181000,200900,222900,246100,260700,277600
Brown County, WI,159200,157100,159500,166100,173400,180400
Brunswick County, NC,195100,176100,200300,205300,214300,218200
Buchanan County, MO,110700,113000,111600,121000,118200,131200
Bucks County, PA,301300,311000,318600,322400,326700,338500
Bullitt County, KY,150100,143700,147200,156600,164600,173600
Bulloch County, GA,123400,114000,140500,147400,135400,146700
Buncombe County, NC,193500,191100,204000,221000,240100,257200
Burke County, NC,113500,115800,120700,116200,125100,119400
Burleigh County, ND,207400,219500,245000,249700,266000,272400
Burlington County, NJ,244500,241000,246300,248600,244400,251400
Butler County, OH,157800,154300,164800,168400,167800,181300
Butler County, PA,178400,179700,190600,195900,210200,217400
Butler County, KS,125600,145600,142600,145200,153400,148200
Butte County, CA,217600,225400,246700,256500,268900,274200
Cabarrus County, NC,168400,169800,170600,199200,208000,219700
Cabell County, WV,100000,113000,118500,126600,139700,120600
Cache County, UT,186200,192900,203400,216000,218400,258500
Caddo Parish, LA,118500,123600,144600,151500,149000,143300
Caguas Municipio, PR,138000,140600,131500,132300,119000,128200
Calcasieu Parish, LA,114900,116100,140600,146800,165900,162400
Caldwell County, NC,105600,115700,106800,110500,119800,122500
Calhoun County, AL,92900,106500,111400,115600,117700,121800
Calhoun County, MI,95300,95800,101400,113900,116200,107700
Calvert County, MD,338500,340700,345300,356400,355400,362500
Cambria County, PA,85300,88800,89100,93400,91600,94600
Camden County, NJ,189900,194300,193800,197400,197900,198600
Cameron County, TX,82300,76200,82800,80000,92000,86500
Campbell County, KY,149600,157600,164100,166000,180500,177500
Canadian County, OK,142300,146700,156000,163100,166600,163800
Canyon County, ID,114100,129700,149200,153100,177300,190500
Cape Girardeau County, MO,139200,142500,155100,157800,158300,160600
Cape May County, NJ,308200,296800,311800,290900,297600,306900
Carbon County, PA,139000,124600,146000,139000,151400,140800
Carolina Municipio, PR,153000,152300,148600,142600,134400,140200
Carroll County, MD,314100,325100,330700,334900,336700,348500
Carroll County, GA,105600,121700,125400,123500,132800,143400
Carteret County, NC,189600,194500,199800,218500,204500,218500
Carver County, MN,258600,278900,291800,297300,315500,335300
Cascade County, MT,160800,160900,168600,169500,174300,189300
Cass County, ND,170600,179600,200500,203100,224800,230300
Cass County, MO,157500,163200,164800,168300,172100,192900
Catawba County, NC,142500,136700,128400,145600,143200,154400
Catoosa County, GA,135200,129100,137500,142100,137900,142300
Cattaraugus County, NY,85000,85400,88100,83200,88300,86200
Cayuga County, NY,119800,111700,122600,127000,120900,137500
Cecil County, MD,248200,226800,242500,238400,234500,240500
Centre County, PA,198700,198500,206600,224400,232300,234700
Champaign County, IL,147300,145500,157800,161500,169200,167400
Charles County, MD,273800,285300,287900,310200,318000,318900
Charleston County, SC,232100,249700,278600,286000,330300,339900
Charlotte County, FL,138000,146300,167300,180600,193600,206600
Chatham County, NC,237200,234100,220400,295800,277400,319400
Chatham County, GA,174800,165900,176500,176200,192500,213400
Chautauqua County, NY,85700,83500,86300,87000,87500,86700
Chaves County, NM,105700,108400,100000,103700,120100,118600
Chelan County, WA,242500,236500,250500,259300,289900,320100
Chemung County, NY,96500,111800,98600,111600,112900,105300
Cherokee County, GA,187300,183200,223200,236100,251100,264000
Chesapeake city, VA,253900,253000,259200,267100,270200,274600
Cheshire County, NH,184000,181600,194100,186800,200300,192700
Chester County, PA,321100,325500,332900,347700,355000,367800
Chesterfield County, VA,206700,216900,221100,231600,240500,246800
Chittenden County, VT,273900,269300,282800,292900,293800,301200
Christian County, MO,139400,153400,155200,163800,161800,177500
Christian County, KY,111700,112800,104500,113200,122800,122600
Citrus County, FL,107500,116300,115900,121900,128900,137600
Clackamas County, OR,294800,302300,336200,374900,404200,439100
Clallam County, WA,218300,215600,220300,225200,256200,281800
Clark County, OH,102300,100800,102100,109500,121000,119200
Clark County, NV,162300,188700,217300,233700,250000,286600
Clark County, WA,225600,239800,262700,294400,329200,358500
Clark County, IN,121400,129500,137500,136800,137200,154600
Clarke County, GA,141800,150000,153300,170400,167300,191800
Clay County, MO,149800,153900,159300,166900,176100,186800
Clay County, FL,145200,157900,166900,170300,177700,194800
Clayton County, GA,78200,85700,91200,94900,103500,116700
Clearfield County, PA,84500,87100,91500,94100,96600,99300
Clermont County, OH,154700,153600,164700,169600,161500,171100
Cleveland County, OK,149400,147900,155800,163300,162800,169800
Cleveland County, NC,98800,99400,112500,121800,112500,125800
Clinton County, NY,121200,130200,128700,130500,136900,135500
Clinton County, MI,157200,161300,155200,172800,177100,174600
Cobb County, GA,182700,203600,224300,234100,254300,278700
Cochise County, AZ,150000,144800,146900,130100,155600,142200
Coconino County, AZ,204800,227500,228600,272000,277400,293800
Cole County, MO,139800,160800,158500,153600,162600,167300
Collier County, FL,260400,273100,315000,357300,358900,369700
Collin County, TX,216200,232100,261800,288100,323500,340600
Columbia County, PA,129700,141400,151500,145300,151700,159900
Columbia County, FL,97600,106700,110200,111700,145500,124100
Columbia County, GA,173700,171800,185500,189800,201000,217500
Columbiana County, OH,94400,99800,109400,110000,102000,102900
Comal County, TX,197900,230100,239300,268200,282300,286900
Comanche County, OK,112200,120300,121100,129400,139900,116400
Contra Costa County, CA,424100,474000,522500,577000,642300,670000
Cook County, IL,209700,213600,230900,234400,247600,255900
Coryell County, TX,99600,106900,113700,99300,115200,118100
Coweta County, GA,175200,189400,187400,188600,213800,233700
Cowlitz County, WA,179300,165400,187900,197000,208900,244000
Craighead County, AR,128900,136500,132900,135400,137500,149700
Craven County, NC,152000,152000,156900,158600,159600,168300
Crawford County, PA,100400,100300,110400,114500,114600,113700
Creek County, OK,106300,102000,109600,113700,135000,126800
Cullman County, AL,117400,109100,128600,133100,123700,127700
Cumberland County, NC,130800,124100,128600,134300,136500,138700
Cumberland County, PA,188400,191300,192700,200200,202300,208200
Cumberland County, NJ,158800,166000,157300,165900,162100,166900
Cumberland County, ME,239800,257500,261300,270500,273400,294400
Cuyahoga County, OH,118800,120700,124400,126700,131700,139100
Dakota County, MN,218800,225000,237000,248700,266000,279300
Dallas County, TX,127200,135500,145800,154300,175000,196300
Dallas County, IA,190500,213600,205700,234700,243300,269600
Dane County, WI,228400,233000,240800,255900,263300,275200
Darlington County, SC,90200,78000,90800,84900,85500,107400
Dauphin County, PA,160300,158100,158500,167500,173600,171000
Davidson County, NC,133300,130800,134400,131800,140000,151100
Davidson County, TN,166100,171700,188200,213300,250200,277100
Daviess County, KY,112400,121400,117500,138900,136200,142500
Davis County, UT,224800,230600,243900,258600,282800,317300
DeKalb County, AL,106800,90500,101000,101600,114500,112000
DeKalb County, GA,154800,158800,176800,200500,199800,235100
DeKalb County, IL,160600,168600,162600,168400,169800,178800
Delaware County, OH,246200,263700,285300,296200,300200,320000
Delaware County, PA,227600,226800,235500,239500,244900,254000
Delaware County, IN,85700,88300,94100,91900,92100,96000
Denton County, TX,190600,205000,224600,251400,280600,305200
Denver County, CO,263900,283100,316700,360900,395100,435100
Deschutes County, OR,240000,257200,312600,317500,368600,408500
DeSoto County, MS,152400,149000,162200,158600,171600,170800
District of Columbia, DC,470500,486900,551300,576100,607200,617900
Do?ña Ana County, NM,134600,135600,146700,141300,145200,144400
Dodge County, WI,150300,152200,154100,160600,164700,173800
Dorchester County, SC,171000,163000,176200,180300,203900,219400
Dougherty County, GA,96900,102800,100900,90000,101400,104100
Douglas County, OR,163800,171200,170400,183400,200600,216400
Douglas County, NE,144600,144400,153300,162100,167600,176400
Douglas County, CO,343800,366400,398800,445400,468900,508700
Douglas County, KS,186400,175700,179700,192500,211600,208100
Douglas County, GA,111600,123300,133300,158900,161300,170700
Dubuque County, IA,146100,147200,161700,161600,167600,167100
DuPage County, IL,271300,279200,293500,300000,308800,317800
Durham County, NC,179000,181900,195200,194800,227200,233300
Dutchess County, NY,274000,270900,268100,279300,279300,291600
Duval County, FL,136000,138700,153300,164300,185900,191500
East Baton Rouge Parish, LA,165900,170000,189800,180400,191200,200400
Eaton County, MI,134400,131600,146000,143300,156000,166000
Eau Claire County, WI,151600,151200,152100,157900,170400,176800
Ector County, TX,91600,123700,126100,126700,149500,148000
El Dorado County, CA,352900,376800,413100,426800,472100,486600
El Paso County, CO,210200,224100,232900,249200,272000,289500
El Paso County, TX,111200,114900,114000,119700,122300,123900
Elkhart County, IN,119300,125900,134900,129300,143900,152800
Ellis County, TX,137600,145900,167100,167300,190400,209000
Elmore County, AL,142000,150300,159800,171000,158500,166300
Erie County, OH,123600,128100,136300,123900,152100,139700
Erie County, NY,127600,131800,139800,146400,153300,160200
Erie County, PA,116100,124400,121800,125700,138700,143700
Escambia County, FL,116900,117800,124400,131000,143900,150700
Essex County, NJ,340800,348000,375900,373000,379400,393000
Essex County, MA,346600,359500,374400,384400,405500,444700
Etowah County, AL,101900,99700,99200,109400,115200,127800
Fairbanks North Star Borough, AK,218200,237400,229300,226900,239000,259500
Fairfax County, VA,490900,519300,544900,553200,567000,569000
Fairfield County, OH,155600,163000,167900,173500,186200,192300
Fairfield County, CT,420600,408900,420900,423200,425900,435000
Faulkner County, AR,139600,147800,160700,159900,165200,159900
Fauquier County, VA,357000,367100,373000,372200,390100,418400
Fayette County, PA,89100,89200,96300,101700,101000,109100
Fayette County, KY,170600,165500,170200,181200,193100,193300
Fayette County, GA,230300,238400,240500,277500,280600,293900
Flagler County, FL,162800,163600,181100,207900,225400,224700
Flathead County, MT,233800,229600,246600,247800,270500,320400
Florence County, SC,126000,128300,128900,129300,129700,141700
Floyd County, IN,155200,160300,159900,164900,170700,174600
Floyd County, GA,115500,132200,120600,119700,135000,128200
Fond du Lac County, WI,142600,141600,146700,157700,152100,162700
Forrest County, MS,112600,107400,108500,112400,131100,134200
Forsyth County, NC,149700,144900,151600,153200,156500,163200
Forsyth County, GA,253100,276800,299200,323100,349500,351900
Fort Bend County, TX,194100,210400,239400,258800,264000,276900
Franklin County, OH,146300,153000,158400,162300,172600,186500
Franklin County, NC,,,,,158100,132800
Franklin County, PA,176900,165100,175200,174700,182000,180200
Franklin County, MO,144700,139900,160700,169100,165800,170000
Franklin County, WA,165200,177000,178600,186500,209900,222100
Franklin County, MA,221100,226700,226800,230500,230300,238400
Frederick County, MD,304000,309900,311800,329400,334100,338700
Frederick County, VA,222300,229000,247500,243600,243200,265300
Fresno County, CA,185200,204700,220100,238100,248700,274400
Fulton County, GA,231800,248800,274700,288900,306200,333200
Gallatin County, MT,264400,280100,293100,347900,344600,412100
Galveston County, TX,154200,151200,174700,184600,206400,202300
Garland County, AR,121500,124800,134500,142600,140400,149500
Gaston County, NC,122400,127500,128000,136400,141400,153700
Geauga County, OH,219700,211400,218300,228300,259200,245700
Genesee County, MI,82800,93800,99200,106900,110000,118700
Gloucester County, NJ,207900,209600,211800,218600,222100,221600
Glynn County, GA,146000,151600,172500,174600,170700,185400
Grafton County, NH,205500,214700,213400,224500,217300,233900
Grand Forks County, ND,162400,154300,191900,199000,205100,208200
Grand Traverse County, MI,164700,166400,177100,212300,198000,220200
Grant County, WA,146300,160400,160300,159300,177900,201600
Grant County, IN,77500,86100,84900,94100,99600,84500
Grays Harbor County, WA,156300,169700,157400,151800,169200,193300
Grayson County, TX,99300,109100,112300,125200,139500,163100
Greene County, OH,157500,159000,160000,168500,170900,183800
Greene County, MO,123300,130900,137100,142600,148000,148000
Greene County, TN,113400,115900,107500,133600,115700,130500
Greenville County, SC,157500,160100,161200,173400,182300,192700
Greenwood County, SC,96600,102100,119900,126000,129400,111400
Gregg County, TX,132300,126400,130100,123600,137600,141100
Guadalupe County, TX,162400,165900,173900,182300,190000,210200
Guaynabo Municipio, PR,210500,172400,199700,174800,183200,164000
Guilford County, NC,159200,154700,160700,160900,164500,170300
Gwinnett County, GA,159300,172900,183200,194500,220000,232600
Hall County, GA,160900,156400,173600,184000,195600,217900
Hamilton County, OH,140900,140000,144000,150100,151600,162100
Hamilton County, TN,155300,160400,164300,172800,177300,182100
Hamilton County, IN,225000,233100,235500,244100,266500,280100
Hampden County, MA,193600,198900,197900,198700,208800,217600
Hampshire County, MA,256800,259000,281700,288700,273200,291800
Hampton city, VA,185200,188900,183700,194900,184100,186400
Hancock County, OH,122100,128400,141000,145400,133500,152900
Hancock County, IN,154900,164300,154700,169000,160500,177600
Hanover County, VA,262100,257600,269400,266500,291600,294700
Hardin County, KY,142200,142200,145300,162200,151200,162600
Harford County, MD,269500,274600,290600,280600,292500,297200
Harnett County, NC,138700,137400,143900,153600,150700,155400
Harris County, TX,133100,142100,156000,166600,174000,187100
Harrison County, WV,96700,98600,113200,113300,120400,115900
Harrison County, MS,141100,132100,143400,140600,155200,148500
Harrison County, TX,100200,108900,109700,107500,141700,138300
Hartford County, CT,230300,233300,238500,238400,241000,241700
Hawaii County, HI,291900,304600,321400,325000,344800,368200
Hays County, TX,191400,183400,203900,222500,234400,246900
Henderson County, NC,181300,180900,191800,201700,211400,227900
Henderson County, TX,90500,86600,108800,100400,116000,106300
Hendricks County, IN,155900,168700,169500,174100,186700,199100
Hennepin County, MN,221100,228000,250100,257700,274900,289900
Henrico County, VA,213400,218000,229700,223900,239000,254100
Henry County, GA,130600,139700,153300,174900,169600,185400
Hernando County, FL,105100,111900,121200,126800,142700,153300
Hidalgo County, TX,79400,79400,81700,85200,86100,87500
Highlands County, FL,80500,80800,92600,92100,100200,105800
Hillsborough County, NH,240800,244700,256200,267400,278400,283500
Hillsborough County, FL,152900,164200,183000,195800,213600,232500
Hinds County, MS,94200,107900,118600,105600,126100,126700
Honolulu County, HI,573800,590600,629900,658900,680200,701200
Horry County, SC,151500,157000,170900,175500,176400,187000
Houston County, AL,119900,117100,131000,126800,138800,132700
Houston County, GA,128700,134300,134400,141800,129800,143900
Howard County, MD,425900,443300,441000,445400,444500,476600
Howard County, IN,98000,101500,100800,109400,98500,122900
Hudson County, NJ,325900,340900,342800,370200,377800,405200
Humboldt County, CA,259500,272200,278400,298300,325200,326400
Hunt County, TX,89900,85500,112400,102700,137300,144100
Hunterdon County, NJ,380700,378700,404900,409100,405200,423100
Iberia Parish, LA,99400,101300,95800,116300,122600,128900
Imperial County, CA,148400,156000,169000,170900,200700,214400
Indian River County, FL,151100,167800,174000,183600,200000,220800
Indiana County, PA,95700,104000,104700,116400,120200,122100
Ingham County, MI,118300,114800,124100,129100,134400,142700
Iredell County, NC,168700,166900,169400,182900,185000,200000
Isabella County, MI,118400,129700,125400,132200,136100,139200
Island County, WA,277900,296900,307500,332900,363800,392500
Jackson County, OR,199800,222900,243500,259900,291600,293600
Jackson County, MO,123100,125200,130800,139100,142300,159100
Jackson County, MS,117200,119200,123700,121500,148500,134200
Jackson County, MI,111000,109400,127800,123700,131300,137300
Jackson County, GA,,,,,186500,203800
James City County, VA,300800,325600,332700,326200,347400,351000
Jasper County, MO,106200,104300,120600,113500,113900,125200
Jefferson County, OH,84000,85700,88300,87400,97300,89500
Jefferson County, AL,143300,142500,155000,152000,160200,166900
Jefferson County, AR,78400,83900,80200,88000,85800,84100
Jefferson County, NY,143800,147900,155600,149600,148300,145600
Jefferson County, WI,162200,180400,174900,181800,191400,198600
Jefferson County, MO,147800,145700,155000,156700,162500,168000
Jefferson County, CO,273100,289700,330200,360800,408100,440200
Jefferson County, KY,151600,153100,155700,164500,174400,182500
Jefferson County, TX,94800,94600,101000,108300,107200,125800
Jefferson Parish, LA,170900,168800,181400,173900,184500,191900
Johnson County, KS,214900,221400,230900,242900,255200,277300
Johnson County, TX,108300,118000,135300,141900,154200,163800
Johnson County, IA,197100,205100,196900,238000,226400,236300
Johnson County, IN,139300,147800,148400,151500,164700,178700
Johnston County, NC,145300,144300,147400,152700,159300,171300
Jones County, MS,76900,84300,92300,93400,86800,113900
Josephine County, OR,205800,213100,232700,251000,278000,281200
Kalamazoo County, MI,127700,135700,148500,155500,158500,163900
Kanawha County, WV,107000,103600,110600,119000,111900,119600
Kane County, IL,201700,218000,229000,232700,237200,246000
Kankakee County, IL,135100,136700,136300,140000,151100,147300
Kauai County, HI,498300,492000,495900,558000,560600,627800
Kaufman County, TX,150000,127300,145600,163400,182300,190100
Kendall County, IL,186200,202000,210500,220300,239200,239500
Kennebec County, ME,151500,148600,151900,152900,163100,156300
Kenosha County, WI,159800,155600,164600,175100,174500,180000
Kent County, RI,195500,205900,218800,220200,231500,247700
Kent County, DE,192800,205300,215200,199000,223100,228500
Kent County, MI,134600,141200,151200,163100,173900,189100
Kenton County, KY,140700,149700,148000,153000,159200,162300
Kern County, CA,161000,183100,197100,204200,205700,226400
Kershaw County, SC,,,,,119300,144000
King County, WA,376200,402700,438100,491300,563600,635200
Kings County, NY,557000,574800,638500,667000,701800,759400
Kings County, CA,169200,169200,183000,190500,224500,231100
Kitsap County, WA,255000,255200,269200,288800,326200,363400
Klamath County, OR,144400,152000,150900,155500,179300,169500
Knox County, TN,161800,163100,168900,174100,180200,191300
Kootenai County, ID,170800,192100,197700,239600,263500,276500
Kosciusko County, IN,128100,145600,141100,142400,154900,145500
La Crosse County, WI,155000,157000,157600,164500,172600,185600
Lackawanna County, PA,146300,145900,145600,152000,153100,147900
Lafayette Parish, LA,163300,164200,172300,181100,188000,193500
Lafourche Parish, LA,134600,131400,152400,153700,156400,155000
Lake County, OH,149200,145200,150900,150900,157700,160600
Lake County, CA,166400,159300,167600,217400,210500,245700
Lake County, FL,126800,141400,155100,163600,185200,204000
Lake County, IN,135800,134600,138900,148100,147200,154000
Lake County, IL,236600,247500,258100,264100,262600,269300
Lancaster County, SC,150100,161000,159600,184000,187700,211500
Lane County, OR,206700,214700,235800,243500,258300,281200
Lapeer County, MI,133500,135800,154700,165100,164300,190800
LaPorte County, IN,125200,128300,126000,124200,131300,133600
Laramie County, WY,197800,201200,204500,210200,217500,246500
Larimer County, CO,260100,269700,298100,339900,359800,398300
LaSalle County, IL,121300,121700,131400,122700,135300,126300
Lauderdale County, AL,118600,114000,125300,139400,144800,157800
Lauderdale County, MS,87200,82000,87400,97100,98000,107400
Laurens County, SC,82800,92100,89100,91600,87000,95500
Lawrence County, PA,93700,99300,97600,107200,115200,110300
Lea County, NM,105400,114100,116900,120200,148500,134200
Leavenworth County, KS,169000,160300,170500,174700,177600,196000
Lebanon County, PA,162300,168100,162700,168500,172900,178000
Lee County, AL,138100,156000,169000,163400,160700,182700
Lee County, MS,113100,140000,135700,127000,132300,135300
Lee County, FL,154800,163400,184200,210900,225300,235000
Lehigh County, PA,187200,188600,196800,198800,211300,213400
Lenawee County, MI,108900,119100,123600,136300,141800,141800
Leon County, FL,176100,184600,179100,197600,201300,210700
Lewis and Clark County, MT,207200,205900,219500,222100,244200,269500
Lewis County, WA,163700,173200,169900,185300,197900,246400
Lexington County, SC,142000,141700,146700,150900,159500,160700
Liberty County, TX,89000,80900,106100,94300,99200,115700
Liberty County, GA,120500,118600,118300,135200,,
Licking County, OH,146100,158600,157400,163400,169400,188900
Limestone County, AL,136600,143100,152600,151500,158500,164800
Lincoln County, NC,156100,148800,152300,159200,168200,180700
Linn County, OR,173800,167400,176300,190700,216100,254300
Linn County, IA,145400,151000,149600,151700,157600,157200
Litchfield County, CT,250500,255900,248300,243000,260700,256100
Livingston County, NY,129800,117000,117200,126800,135300,134900
Livingston County, MI,185700,198100,224300,227900,251700,256800
Livingston Parish, LA,150100,141800,159600,159500,163200,170100
Lonoke County, AR,133800,127300,142100,137000,143300,134100
Lorain County, OH,134000,136800,143800,146400,143600,156900
Los Angeles County, CA,420200,464400,497200,537900,588700,625200
Loudoun County, VA,438300,474600,477700,482700,508800,533500
Lowndes County, GA,125600,121500,139200,137800,133500,145500
Lubbock County, TX,106700,113300,124500,134900,137700,148600
Lucas County, OH,99700,107200,106100,115100,116300,117900
Luzerne County, PA,125100,120300,123100,123400,125700,133600
Lycoming County, PA,133600,144100,147500,152800,160800,161200
Lynchburg city, VA,147900,144600,156100,153600,160400,175500
Macomb County, MI,117000,134900,149000,157700,166500,176100
Macon County, IL,96100,95100,98200,99300,97000,102100
Madera County, CA,174700,201100,232800,235400,240800,273500
Madison County, AL,162300,171600,177700,178200,182400,192500
Madison County, NY,135300,119700,134500,142400,145800,133800
Madison County, MS,207200,205600,207300,214000,230500,221100
Madison County, TN,122500,112300,132500,134500,131200,133700
Madison County, KY,136300,149500,149000,153100,159700,161800
Madison County, IN,96300,89300,88400,92900,94200,107200
Madison County, IL,126300,128200,130300,137700,131600,136600
Mahoning County, OH,94600,98000,99600,100700,106200,114700
Manatee County, FL,160400,178700,194000,215700,233900,254100
Manitowoc County, WI,126200,124400,128800,129100,123100,129900
Marathon County, WI,141900,145600,151500,146700,148400,164800
Maricopa County, AZ,185000,206300,228300,239300,256500,276800
Marin County, CA,784200,862800,906500,974600,1014000,1071200
Marion County, OH,96400,95100,91800,88200,98200,110700
Marion County, OR,179600,182900,200400,224300,239100,270200
Marion County, FL,107100,101300,120500,127000,137300,150600
Marion County, IN,116300,117500,122400,128300,137400,142700
Marquette County, MI,132000,137400,153500,155400,154900,156500
Marshall County, AL,117100,106400,122800,121700,121600,136200
Martin County, FL,191100,201000,233100,257300,280800,297700
Mason County, WA,,,,,,230800
Matanuska-Susitna Borough, AK,220700,227000,236100,244500,254000,251800
Maui County, HI,471800,534100,569300,600800,641500,629500
Maury County, TN,142600,147000,148800,164100,188600,213300
Mayag?¬ez Municipio, PR,100700,104500,96800,104500,97200,94000
McCracken County, KY,104500,129100,142800,137000,148400,147900
McHenry County, IL,196400,210900,205300,216700,227900,233200
McKinley County, NM,59600,56100,55000,68500,72300,76500
McLean County, IL,160300,161600,168500,164300,167200,173700
McLennan County, TX,113300,117800,124500,124800,139800,160300
Mecklenburg County, NC,176600,189900,203700,221400,234100,253000
Medina County, OH,183200,174800,185300,185000,199200,208800
Mendocino County, CA,297600,318800,344500,333900,409900,381900
Merced County, CA,147200,173000,210100,231300,253700,261100
Mercer County, NJ,275200,272000,283600,284600,293800,289700
Mercer County, PA,105100,109900,117500,116200,123700,132100
Merrimack County, NH,217500,224400,220400,231100,231500,239100
Mesa County, CO,204800,198000,198800,212200,226400,229000
Miami County, OH,128200,135200,145400,149100,146700,160600
Miami-Dade County, FL,192500,216000,251900,265200,288100,317100
Middlesex County, NJ,312900,320900,332900,333200,340700,352300
Middlesex County, CT,286100,279900,282700,294500,281200,283800
Middlesex County, MA,404600,427800,450800,477500,511700,543600
Midland County, MI,125700,126200,138500,132400,140200,146200
Midland County, TX,162800,168100,198000,190400,202100,215300
Milwaukee County, WI,146700,147200,150400,151700,157000,162600
Minnehaha County, SD,151700,159100,163200,173500,190400,196200
Missoula County, MT,242300,246800,246400,270300,295600,302100
Mobile County, AL,121200,120700,120500,126800,131200,131700
Mohave County, AZ,123900,120200,139400,148700,157100,189300
Monmouth County, NJ,380600,387900,396000,411300,421700,436200
Monongalia County, WV,164800,154000,188800,191300,216800,199600
Monroe County, NY,139900,137600,143100,143100,147700,151800
Monroe County, PA,176600,167800,166700,164200,164000,173500
Monroe County, MI,132100,140500,145800,158800,165600,168800
Monroe County, FL,356200,417000,409900,464700,513700,541900
Monroe County, IN,158600,163000,163500,169000,171800,184800
Monterey County, CA,363800,391200,429100,481000,517200,563000
Montgomery County, OH,107200,106300,111900,113700,118000,125900
Montgomery County, AL,119000,125400,122100,126000,128200,134800
Montgomery County, PA,291700,287900,299700,307500,315900,323400
Montgomery County, TN,147000,144700,155600,159500,167600,181000
Montgomery County, MD,447300,460900,474900,475300,477800,489000
Montgomery County, TX,171300,187200,201300,225600,235400,245000
Montgomery County, VA,187400,206800,212400,221500,238300,215600
Moore County, NC,214300,191100,204900,217600,233800,222300
Morgan County, AL,123600,120900,132000,123500,143000,139700
Morgan County, IN,135400,140400,156900,147100,163600,158400
Morris County, NJ,414000,434700,433400,443100,462400,469900
Multnomah County, OR,274700,290400,321700,367700,393900,422900
Muscogee County, GA,134500,138700,137000,150400,139000,141700
Muskegon County, MI,96200,96200,105400,106500,119900,123300
Muskingum County, OH,96800,111200,116300,125400,112400,120000
Muskogee County, OK,97200,89500,97800,105200,107000,113100
Nacogdoches County, TX,122200,103500,107100,119200,141600,144400
Napa County, CA,443000,511800,555900,599300,628500,665100
Nash County, NC,110500,117200,118200,130400,131700,131700
Nassau County, NY,436000,443200,458800,471900,489900,517500
Nassau County, FL,161600,176000,213500,223100,234000,225300
Natrona County, WY,187800,206600,206400,208800,206200,211000
Navajo County, AZ,98500,104400,120900,98700,138900,124600
Nevada County, CA,337400,347700,383400,381100,437200,456000
New Castle County, DE,241700,242000,250800,253000,255500,269800
New Hanover County, NC,204500,228200,230000,229500,242600,248300
New Haven County, CT,242000,242700,244400,247600,243400,251100
New London County, CT,241100,234900,240900,242000,239400,238400
New York County, NY,848600,888500,867600,1003400,976100,1013400
Newport County, RI,348800,337200,366700,383400,389600,405900
Newport News city, VA,184600,184900,196400,185000,192500,204900
Newton County, GA,103300,112000,128000,142200,148500,165200
Niagara County, NY,106100,105500,115700,122900,124900,132700
Norfolk city, VA,189900,190000,204800,195500,204400,212500
Norfolk County, MA,395000,413000,429200,446100,473400,496600
Northampton County, PA,203000,205700,210600,218000,212000,225000
Northumberland County, PA,108100,107000,116600,118700,115900,119400
Nueces County, TX,107300,112500,122200,130800,138600,141100
Oakland County, MI,172200,192800,217400,224400,243800,258900
Ocean County, NJ,257700,258500,270200,272900,279600,285200
Oconee County, SC,151100,137200,159700,152200,160800,165800
Okaloosa County, FL,184100,186000,204200,209400,209800,232900
Oklahoma County, OK,133100,136000,142200,149700,152300,156800
Oldham County, KY,,,,265900,287800,304200
Olmsted County, MN,172400,174500,182400,192800,224900,229200
Oneida County, NY,113600,116000,117000,125000,124000,135100
Onondaga County, NY,132400,135800,139500,139800,146700,148800
Onslow County, NC,157000,156800,147400,151500,158600,154900
Ontario County, NY,145900,149800,156400,154300,166100,166200
Orange County, NC,270700,281400,278200,304000,279700,327300
Orange County, NY,259300,254700,262500,258800,269100,282200
Orange County, CA,539000,591800,625300,654400,679400,709800
Orange County, FL,158100,171100,190700,214000,234400,259000
Orange County, TX,108700,96600,107100,105300,107100,119500
Orangeburg County, SC,89800,88900,96100,95800,92800,99500
Orleans Parish, LA,183100,192000,216800,219700,227800,242900
Osceola County, FL,134800,138200,160700,184900,197900,218900
Oswego County, NY,92700,96000,102000,101100,103300,111400
Otero County, NM,102700,107700,109000,102700,118000,113100
Ottawa County, MI,150000,158600,165500,175600,190500,213000
Ouachita Parish, LA,130300,125900,130200,144000,151300,163500
Outagamie County, WI,155400,156900,157700,162100,168600,176000
Ozaukee County, WI,230500,243700,250000,270300,291200,295100
Palm Beach County, FL,193000,211200,246200,269600,282900,299800
Parker County, TX,153600,172800,166700,177100,216100,241300
Pasco County, FL,113700,123900,137700,145000,161500,174500
Passaic County, NJ,331900,332800,330800,339900,334100,351500
Paulding County, GA,124200,140300,147800,158800,170400,190100
Payne County, OK,145300,136900,155000,156600,156400,162900
Pennington County, SD,156200,161000,171800,184000,192000,191000
Penobscot County, ME,133000,135500,143100,136300,136300,149500
Peoria County, IL,124200,125000,136500,130500,130900,137000
Philadelphia County, PA,136800,148700,150700,154000,166200,167700
Pickens County, SC,124500,108600,134100,143100,154800,152200
Pierce County, WA,223300,237100,249600,271300,300200,338400
Pike County, KY,73200,70800,73400,,,
Pima County, AZ,155300,158400,165900,170300,182300,198100
Pinal County, AZ,135100,145900,156500,166300,179900,200200
Pinellas County, FL,138000,150900,170500,186500,197300,215800
Pitt County, NC,134200,126400,138200,138400,150800,146300
Placer County, CA,352500,386200,407400,442300,468400,488400
Platte County, MO,188200,202800,197100,224200,219000,235200
Plymouth County, MA,329800,328800,339800,354000,368100,388500
Polk County, OR,192000,220100,216100,241300,254500,284400
Polk County, FL,101800,105400,123100,135300,153700,161300
Polk County, IA,156600,161000,159800,171800,180700,189200
Ponce Municipio, PR,100800,105800,95400,96100,99800,101200
Portage County, OH,142100,149000,165700,150700,156200,166200
Portage County, WI,149800,156800,159900,162000,162000,178700
Porter County, IN,166200,165200,174700,177400,189800,189500
Portsmouth city, VA,166600,171400,162300,174800,175200,182600
Pottawatomie County, OK,94200,113600,105000,117500,118900,126400
Pottawattamie County, IA,121600,129100,136400,136400,141500,141700
Potter County, TX,90400,85300,91300,87800,91200,92500
Prince George's County, MD,247600,254000,272200,284800,299700,320500
Prince William County, VA,339800,341000,369600,366000,378800,394800
Providence County, RI,202400,207200,212000,219500,230700,242900
Pueblo County, CO,141000,137500,148000,156600,163300,173200
Pulaski County, AR,141700,140200,153200,153800,156300,164700
Putnam County, NY,355900,353600,344400,362300,359700,354800
Putnam County, TN,137900,143500,153200,157300,160400,162000
Putnam County, FL,83700,83600,82300,83700,86600,90600
Queens County, NY,439500,447300,487400,508000,545800,577400
Racine County, WI,160600,164400,162000,169100,169500,187300
Raleigh County, WV,102100,99600,105800,117500,101200,105000
Ramsey County, MN,187000,197700,207600,220100,231100,240900
Randall County, TX,148500,152700,154800,161600,173900,172600
Randolph County, NC,120200,110800,121500,116800,124700,128800
Rankin County, MS,151900,155300,155200,158800,160000,169300
Rapides Parish, LA,128700,122300,139400,133400,142200,153900
Rensselaer County, NY,172200,180800,182100,184200,196000,187100
Rice County, MN,166200,195700,185000,205300,205300,218100
Richland County, OH,101400,100400,102600,104100,107900,114600
Richland County, SC,144900,149200,156600,154400,168200,163600
Richmond city, VA,189200,201200,199900,211400,233200,255900
Richmond County, NY,432600,441000,457700,477100,501300,556000
Richmond County, GA,94800,102400,102200,101600,101800,108500
Riley County, KS,174100,183100,187400,193400,200900,216200
Riverside County, CA,236400,279500,312700,329600,352700,364900
Roanoke city, VA,131800,136500,134100,125500,136300,131400
Roanoke County, VA,182200,190100,191200,205400,196700,196400
Robertson County, TN,150500,151000,165700,169500,172300,218500
Robeson County, NC,63600,71600,78000,74200,77100,78900
Rock County, WI,125400,135100,133300,138800,142700,151400
Rock Island County, IL,111100,115900,113400,117000,117300,118100
Rockdale County, GA,129400,137500,149100,166100,155800,178000
Rockingham County, NC,106700,110400,109000,109100,118800,114100
Rockingham County, NH,273800,285000,293100,306000,327500,343700
Rockingham County, VA,201900,207800,193800,215700,221700,209000
Rockland County, NY,413400,414500,430600,431600,439100,454500
Rockwall County, TX,173200,193500,233200,243000,266400,284700
Rogers County, OK,136200,145500,156700,158200,157500,166700
Ross County, OH,106000,106400,117200,118300,122900,142100
Rowan County, NC,136000,130400,121500,131100,130000,137000
Rutherford County, NC,104600,98600,102700,115100,124500,123100
Rutherford County, TN,159200,159500,168600,178400,216600,234300
Sacramento County, CA,238000,273800,301200,326800,353400,376800
Saginaw County, MI,95100,89700,93500,96200,104300,105800
Salem County, NJ,184900,180500,191200,183400,192800,178200
Saline County, AR,136600,138600,147200,154100,154100,157500
Salt Lake County, UT,229200,241500,256800,273700,301700,336500
San Bernardino County, CA,230500,261600,281300,302600,326600,353400
San Diego County, CA,411000,457300,485900,527600,563800,606200
San Francisco County, CA,778000,846800,941400,1024000,1104100,1195700
San Joaquin County, CA,208900,250800,278400,316000,349200,366000
San Juan County, NM,130500,151500,147800,153100,156300,149600
San Juan Municipio, PR,164400,162200,160400,153900,146100,153500
San Luis Obispo County, CA,436000,459900,508200,547200,574400,593100
San Mateo County, CA,748300,836300,917600,1002400,1087100,1209000
San Patricio County, TX,89800,103600,128500,106100,120900,133500
Sandoval County, NM,176700,168300,186200,180200,198800,216800
Sangamon County, IL,130900,132200,133700,140300,140100,143600
Santa Barbara County, CA,437300,476400,547600,531200,567600,629400
Santa Clara County, CA,682300,746500,836800,925700,971300,1110600
Santa Cruz County, CA,535500,615200,668300,712800,775000,815100
Santa Fe County, NM,263900,269300,286200,278000,292600,296100
Santa Rosa County, FL,156400,164000,169200,189100,192900,209000
Sarasota County, FL,172600,186600,217500,235600,253000,261400
Saratoga County, NY,230600,238000,241600,250400,258600,267200
Sarpy County, NE,159400,163200,169100,179400,195700,208400
Schenectady County, NY,165200,161700,167000,168100,164400,174200
Schuylkill County, PA,91700,94800,93400,97600,101900,102300
Scioto County, OH,90600,93600,89500,100300,101100,99700
Scott County, MN,244700,257000,275100,281500,293200,309200
Scott County, IA,146600,144600,154200,162000,158800,171300
Sebastian County, AR,127600,115600,117100,111900,124700,140000
Sedgwick County, KS,123600,128600,129900,132700,141600,147700
Seminole County, FL,165200,183600,196000,229900,236400,267400
Sevier County, TN,158500,154500,166100,164800,185900,186800
Shasta County, CA,209700,226900,238900,237200,248900,265000
Shawnee County, KS,121000,121900,129300,135600,131100,136000
Sheboygan County, WI,146500,143700,145000,154700,154900,167300
Shelby County, AL,192700,191700,197300,199200,207300,217900
Shelby County, TN,123000,130700,135800,141200,148600,157700
Sherburne County, MN,183300,191600,198600,214400,245000,240700
Shiawassee County, MI,100300,102400,113100,114100,133200,125100
Skagit County, WA,246600,258500,255900,279200,303400,336900
Smith County, TX,127700,147000,145500,153100,155900,168300
Snohomish County, WA,277500,304200,338500,362100,407900,455000
Solano County, CA,259800,304100,344900,377900,411700,442700
Somerset County, NJ,400900,392700,420400,422800,424900,436600
Somerset County, PA,103900,94400,99800,104200,110000,106500
Sonoma County, CA,406900,469400,512100,565200,628400,655200
Spalding County, GA,,,,,119100,138300
Spartanburg County, SC,124200,121200,130100,129200,136500,153300
Spokane County, WA,179300,182700,194400,201300,222200,243400
Spotsylvania County, VA,241100,249500,269600,275400,285900,295400
St. Charles County, MO,181600,189600,197300,210600,220100,228800
St. Clair County, AL,129300,128500,153000,155800,145300,172000
St. Clair County, MI,113100,126800,131000,145100,154900,161400
St. Clair County, IL,119500,123600,115000,132700,128500,132200
St. Croix County, WI,198100,208400,215400,226400,248500,261300
St. Francois County, MO,89800,121700,118400,113500,124700,126200
St. Johns County, FL,238400,248800,273000,296100,297600,324000
St. Joseph County, IN,104200,112800,122600,126900,126600,136500
St. Landry Parish, LA,86800,94300,89400,108500,109100,129200
St. Lawrence County, NY,82400,89200,89700,87700,94300,98400
St. Louis city, MO,108100,113800,130800,125800,141400,154800
St. Louis County, MO,170800,173100,186500,189300,197300,210000
St. Louis County, MN,136300,134800,146600,153800,157500,161200
St. Lucie County, FL,125700,131900,149300,166500,179700,214200
St. Mary's County, MD,290400,291300,293700,307900,294000,309800
St. Tammany Parish, LA,189600,204800,204700,210700,214300,228800
Stafford County, VA,312100,315000,318800,337500,346400,348900
Stanislaus County, CA,175000,216000,243500,274300,288200,318900
Stark County, OH,121400,124400,126400,129800,132200,137100
Stearns County, MN,163900,166200,171600,174300,178300,193900
Steuben County, NY,90900,98100,92400,100700,97500,102600
Story County, IA,158100,167000,177400,173800,200300,191300
Strafford County, NH,217800,204800,215900,206200,246100,249500
Suffolk city, VA,228200,237200,234200,247600,252000,265600
Suffolk County, NY,368400,368800,381700,386400,394600,409400
Suffolk County, MA,365600,394800,432400,472500,497000,538000
Sullivan County, NY,167300,161700,168500,167200,177500,179900
Sullivan County, TN,129600,122600,133800,128400,142800,145800
Summit County, OH,134700,129300,139200,141900,143500,151900
Sumner County, TN,174000,178000,188700,210600,238400,250700
Sumter County, SC,117700,111100,100900,110900,123500,113700
Sumter County, FL,218800,224200,243500,249500,259000,255200
Surry County, NC,122000,116400,125200,118100,125300,123100
Sussex County, NJ,267900,265200,267600,265500,268500,269300
Sussex County, DE,222500,221200,234400,254000,276800,254100
Sutter County, CA,177800,202000,230200,254200,278300,314500
Talladega County, AL,93800,92800,99100,95200,103200,115800
Tangipahoa Parish, LA,136300,131700,136700,175700,157500,162800
Tarrant County, TX,138800,145200,153200,168500,186200,210000
Taylor County, TX,95800,110400,114300,108200,122100,130300
Tazewell County, IL,130100,136900,138900,141400,140400,142700
Terrebonne Parish, LA,136400,143500,137900,150600,151100,151400
Thurston County, WA,237000,244100,244800,261700,283400,314900
Tippecanoe County, IN,133300,143400,144100,151100,149800,158600
Toa Alta Municipio, PR,155800,145500,133800,139100,137700,130900
Toa Baja Municipio, PR,139600,134200,135400,127700,116500,122400
Tolland County, CT,247700,253200,246900,250100,243600,262700
Tom Green County, TX,110800,96800,124300,139900,140400,155000
Tompkins County, NY,173100,182100,195100,201400,205300,215800
Tooele County, UT,,,,,224000,238500
Travis County, TX,231700,245600,277100,304100,321400,355200
Troup County, GA,115200,115200,125300,133400,140200,138200
Trujillo Alto Municipio, PR,160000,156700,148700,148100,144400,124400
Trumbull County, OH,96700,98500,99800,106400,105700,105400
Tulare County, CA,160400,170300,174300,186600,204300,220700
Tulsa County, OK,136100,140000,147900,150100,155600,160800
Tuscaloosa County, AL,152100,154800,164700,168300,167400,173800
Tuscarawas County, OH,108500,107800,125100,126600,127100,141100
Twin Falls County, ID,146100,149100,139900,160500,162300,183900
Ulster County, NY,218500,217100,216900,224800,233000,243700
Umatilla County, OR,138600,139700,162500,146800,172000,185900
Union County, NC,191100,209700,216800,223300,232300,269900
Utah County, UT,221900,238800,253400,278000,297900,332900
Valencia County, NM,132900,129600,129700,140600,131100,141500
Van Buren County, MI,113600,121600,122100,131300,136200,150400
Vanderburgh County, IN,113600,119700,118600,124700,131700,139300
Ventura County, CA,443700,483100,528700,561400,592500,614400
Vermilion County, IL,72000,76400,73800,79900,77900,85000
Victoria County, TX,116600,123600,134100,145800,140300,144400
Vigo County, IN,90500,90000,88000,100100,93900,98200
Virginia Beach city, VA,259200,261800,262900,271400,282300,285400
Volusia County, FL,123400,133700,141900,162700,173300,193800
Wagoner County, OK,143700,141600,152100,157600,160600,164700
Wake County, NC,224100,237400,252500,268400,276000,301900
Walker County, AL,82400,78900,90500,89100,104100,109900
Walker County, TX,100600,145400,100500,147200,156400,169400
Walker County, GA,93300,100700,126200,113400,120500,106400
Walton County, FL,,,,224000,227900,256000
Walton County, GA,139900,154800,161300,168900,187300,214900
Walworth County, WI,185700,193300,188700,195700,203500,205000
Ward County, ND,214800,206800,216600,214800,206600,204400
Warren County, OH,187100,188700,206000,216700,213500,237500
Warren County, NY,186300,197100,187800,197300,194200,195200
Warren County, NJ,255400,246600,256000,252200,271900,269900
Warren County, KY,139500,146200,144100,157500,166600,180300
Washington County, WI,212600,205100,219100,223100,232300,241500
Washington County, OR,277000,291500,322400,361400,394000,417100
Washington County, AR,148600,159800,159600,168100,172200,169800
Washington County, PA,145300,152100,165200,167100,171100,165000
Washington County, RI,317800,298300,321700,323200,339400,356000
Washington County, MN,230800,254400,266700,274600,288600,298400
Washington County, TN,142200,147200,152600,163700,162500,166700
Washington County, MD,203600,201800,206900,202700,219100,211600
Washington County, UT,204300,221800,231400,266200,279800,313000
Washoe County, NV,201700,233300,268400,299100,331200,363000
Washtenaw County, MI,207500,212400,234200,244700,258700,280500
Waukesha County, WI,246200,251700,261400,273000,279200,290500
Wayne County, OH,130700,139900,138700,139600,149600,155800
Wayne County, NC,117700,105700,119600,127800,117600,132700
Wayne County, NY,118000,117100,120900,119400,125000,130600
Wayne County, MI,78100,84900,92400,105300,114400,120700
Wayne County, IN,87900,90700,102400,98700,105900,92000
Webb County, TX,107800,108600,117600,114000,133200,122300
Weber County, UT,168000,171400,172200,189400,221000,245500
Weld County, CO,195200,212000,242700,274200,295100,325400
Westchester County, NY,493800,501100,514700,516500,547800,560800
Westmoreland County, PA,139800,141000,142100,149700,151200,159600
Whatcom County, WA,278600,273500,293700,313500,355500,362500
White County, AR,103600,131200,104900,117300,118400,123300
Whitfield County, GA,119800,118600,130600,127900,132400,131000
Wichita County, TX,88100,91300,98400,95000,100700,99500
Wicomico County, MD,166000,174400,176000,173700,167400,173700
Wilkes County, NC,102400,115700,126000,130400,135400,109000
Will County, IL,203000,209400,213700,224600,230300,242800
Williamson County, TN,330800,352000,379900,427800,451400,462000
Williamson County, IL,102400,108500,97400,109800,126600,121200
Williamson County, TX,187900,212300,227000,242000,272500,283000
Wilson County, NC,113900,124300,116500,121100,123300,121800
Wilson County, TN,201700,207200,233400,234800,260200,276700
Windham County, CT,197300,187400,198000,203000,198600,207300
Winnebago County, WI,143400,142300,144200,146300,157800,149200
Winnebago County, IL,116600,108200,117800,117400,118300,121800
Wise County, TX,,,,,160800,175700
Wood County, OH,147300,147500,156700,160200,172900,167400
Wood County, WI,120800,124600,127600,134400,135500,129400
Wood County, WV,105500,105600,110600,121500,130700,128500
Woodbury County, IA,103300,103200,113900,120100,123200,128100
Worcester County, MA,248800,255500,257400,269700,281100,291800
Wright County, MN,187800,200900,211100,227800,228900,253400
Wyandotte County, KS,90000,87200,89300,93300,108400,107200
Yakima County, WA,159800,156700,163200,166300,177700,186500
Yamhill County, OR,214600,222900,238900,275500,308700,317100
Yavapai County, AZ,173500,192700,216300,227500,260900,261700
Yellowstone County, MT,193200,194900,209300,221600,225500,231000
Yolo County, CA,331200,349000,366100,408500,430400,461800
York County, SC,157500,162900,171200,180700,199400,219500
Yuba County, CA,169800,169700,206800,253800,253000,273600
Yuma County, AZ,108800,108900,119400,123300,132500,140600
