County,State,2013,2014,2015,2016,2017,2018
Ada County, ID,416464,426236,434211,444028,456849,469966
Adams County, CO,469193,480718,491337,498187,503167,511868
Adams County, IL,67130,66988,67013,66578,66234,65691
Adams County, PA,101546,101714,102295,102180,102336,102811
Aiken County, SC,164176,164753,165829,167458,168179,169401
Alachua County, FL,253451,256380,259964,263496,266944,269956
Alamance County, NC,154378,155792,158276,159688,162391,166436
Alameda County, CA,1578891,1610921,1638215,1647704,1663190,1666753
Albany County, NY,306945,308171,309381,308846,309612,307117
Albemarle County, VA,103000,104489,105703,106878,107702,108718
Alexandria city, VA,148892,150575,153511,155810,160035,160530
Allegan County, MI,112531,113847,114625,115548,116447,117327
Allegany County, MD,73521,72952,72528,72130,71615,70975
Allegheny County, PA,1231527,1231255,1230459,1225365,1223048,1218452
Allen County, IN,363014,365918,368450,370404,372877,375351
Allen County, OH,105298,105040,104425,103742,103198,102663
Anchorage Municipality, AK,300950,301010,298695,298192,294356,291538
Anderson County, SC,190641,192810,194692,196569,198759,200482
Anderson County, TN,75542,75528,75749,75936,76257,76482
Androscoggin County, ME,107604,107440,107233,107319,107651,107679
Angelina County, TX,87441,87750,88255,87791,87805,87092
Anne Arundel County, MD,555743,560133,564195,568346,573235,576031
Anoka County, MN,339534,341864,344151,345957,351373,353813
Apache County, AZ,71934,71828,71474,73112,71606,71818
Arapahoe County, CO,607070,618821,631096,637068,643052,651215
Arecibo Municipio, PR,93396,91540,89648,87939,86066,82114
Arlington County, VA,224906,226908,229164,230050,234965,237521
Armstrong County, PA,68107,67785,67052,66486,65642,65263
Aroostook County, ME,70055,69447,68628,67959,67653,67111
Ascension Parish, LA,114393,117029,119455,121587,122948,124672
Ashtabula County, OH,99811,99175,98632,98231,97807,97493
Athens County, OH,,,65886,66186,66597,65818
Atlantic County, NJ,275862,275209,274219,270991,269918,265429
Augusta County, VA,73912,73862,74314,74997,75144,75457
Baldwin County, AL,195540,200111,203709,208563,212628,218022
Baltimore city, MD,622104,622793,621849,614664,611648,602495
Baltimore County, MD,823015,826925,831128,831026,832468,828431
Bannock County, ID,83249,83347,83744,84377,85269,87138
Barnstable County, MA,214990,214914,214333,214276,213444,213413
Barrow County, GA,71453,73240,75370,77126,79061,80809
Bartholomew County, IN,79587,80217,81162,81402,82040,82753
Bartow County, GA,101273,101736,102747,103807,105054,106408
Bastrop County, TX,75825,78069,80527,82733,84761,86976
Bay County, FL,174987,178985,181635,183974,183563,185287
Bay County, MI,106832,106179,105659,104747,104239,103923
Bayam??n Municipio, PR,198958,194210,189159,184374,179565,170480
Beaufort County, SC,171838,175852,179589,183149,186844,188715
Beaver County, PA,170115,169392,168871,167429,166140,164742
Bedford County, VA,69825,76583,77724,77960,77974,78747
Bell County, TX,326843,329140,334941,340411,347833,355642
Belmont County, OH,69571,69461,69154,68673,68029,67505
Benton County, AR,237297,242321,249672,258291,266300,272608
Benton County, OR,86591,86316,87572,89385,90951,92101
Benton County, WA,184486,186486,190309,193686,198171,201877
Bergen County, NJ,925328,933572,938506,939151,948406,936692
Berkeley County, SC,194020,198205,202786,210898,217937,221091
Berkeley County, WV,108706,110497,111901,113525,114920,117123
Berks County, PA,413521,413691,415271,414812,417854,420152
Berkshire County, MA,129585,128715,127828,126903,126313,126348
Bernalillo County, NM,674221,675551,676685,676953,676773,678701
Berrien County, MI,155252,155233,154636,154010,154259,154141
Bexar County, TX,1817610,1855866,1897753,1928680,1958578,1986049
Bibb County, GA,154721,153905,153721,152760,152862,153095
Black Hawk County, IA,132546,132897,133455,132904,132648,132408
Blair County, PA,126314,125955,125593,124650,123457,122492
Blount County, TN,125099,126339,127253,128670,129929,131349
Blue Earth County, MN,65528,65385,65787,66441,66973,67427
Bonneville County, ID,107517,108623,110089,112232,114595,116854
Boone County, IN,,,,,65875,66999
Boone County, KY,124442,126413,127712,128536,130728,131533
Boone County, MO,170773,172717,174974,176594,178271,180005
Bossier Parish, LA,123823,125064,125175,126057,127634,127185
Boulder County, CO,310048,313333,319372,322226,322514,326078
Bowie County, TX,93487,93275,93389,93860,94012,94324
Bradley County, TN,101848,102975,104091,104490,105560,106727
Brazoria County, TX,330242,338124,346312,354195,362457,370200
Brazos County, TX,203164,209152,215037,220417,222830,226758
Brevard County, FL,550823,556885,568088,579130,589162,596849
Bristol County, MA,552780,554194,556772,558324,561483,564022
Bronx County, NY,1418733,1438159,1455444,1455720,1471160,1432132
Broome County, NY,197534,197349,196567,195334,193639,191659
Broomfield County, CO,,,65065,66529,68341,69267
Broward County, FL,1838844,1869235,1896425,1909632,1935878,1951260
Brown County, WI,254586,256670,258718,260401,262052,263378
Brunswick County, NC,115301,118836,122765,126953,130897,136744
Buchanan County, MO,89631,89486,89100,88938,89065,88571
Bucks County, PA,626976,626685,627367,626399,628341,628195
Bullitt County, KY,76854,77955,78702,79151,80246,81069
Bulloch County, GA,71214,72087,72651,74722,76149,77296
Buncombe County, NC,247912,250539,253178,256088,257607,259103
Burke County, NC,89842,89486,88842,88851,89293,90382
Burleigh County, ND,88457,90503,92991,94487,95030,95273
Burlington County, NJ,450838,449722,450226,449284,448596,445384
Butler County, KS,65803,66227,66741,67025,66878,66765
Butler County, OH,371272,374158,376353,377537,380604,382378
Butler County, PA,185476,185943,186818,186847,187108,187888
Butte County, CA,222090,224241,225411,226864,229294,231256
Cabarrus County, NC,187226,192103,196762,201590,206872,211342
Cabell County, WV,97133,97109,96844,95987,94958,93224
Cache County, UT,116909,118343,120783,122753,124438,127068
Caddo Parish, LA,254887,252603,251460,248851,246581,242922
Caguas Municipio, PR,139559,137032,134481,132164,129604,124434
Calcasieu Parish, LA,195296,197204,198788,200601,202445,203112
Caldwell County, NC,81990,81484,81287,81449,81981,82029
Calhoun County, AL,116736,115916,115620,114611,114728,114277
Calhoun County, MI,135012,134878,134314,134386,134128,134487
Calvert County, MD,90484,90613,90595,91251,91502,92003
Cambria County, PA,140499,137732,136411,134732,133054,131730
Camden County, NJ,512854,511038,510923,510150,510719,507078
Cameron County, TX,417276,420392,422156,422135,423725,423908
Campbell County, KY,90988,91833,92066,92211,92488,93152
Canadian County, OK,126123,129582,133378,136532,139926,144447
Canyon County, ID,198871,203143,207478,211698,216699,223499
Cape Girardeau County, MO,77320,78043,78572,78913,78161,78753
Cape May County, NJ,95897,95344,94727,94430,93553,92560
Carbon County, PA,64786,64441,63960,63594,63853,64227
Carolina Municipio, PR,169597,165820,161884,158457,154489,147661
Carroll County, GA,112355,114093,114545,116261,117812,118121
Carroll County, MD,167564,167830,167627,167656,167781,168429
Carteret County, NC,68434,68811,68879,68890,68881,69524
Carver County, MN,95562,97338,98741,100262,102119,103551
Cascade County, MT,82384,82344,82278,81755,81654,81643
Cass County, MO,100641,100889,101603,102845,103724,104954
Cass County, ND,162829,167005,171512,175249,177787,181516
Catawba County, NC,154810,154534,155056,156459,157974,158652
Catoosa County, GA,65311,65621,66050,66398,66550,67420
Cattaraugus County, NY,78892,78600,77922,77677,77348,76840
Cayuga County, NY,79477,78823,78288,77861,77603,77145
Cecil County, MD,101913,102383,102382,102603,102746,102826
Centre County, PA,155403,158742,160580,161464,162660,162805
Champaign County, IL,204897,207133,208861,208419,209399,209983
Charles County, MD,152864,154747,156118,157705,159700,161503
Charleston County, SC,372803,381015,389262,396484,401438,405905
Charlotte County, FL,164736,168474,173115,178465,182033,184998
Chatham County, GA,278434,283379,286956,289082,290501,289195
Chatham County, NC,66817,68698,70928,72243,71472,73139
Chautauqua County, NY,133080,132053,130779,129504,129046,127939
Chaves County, NM,65823,65878,65764,65282,64866,64689
Chelan County, WA,73967,74588,75644,76338,76533,77036
Chemung County, NY,88506,87770,87071,86322,85557,84254
Cherokee County, GA,225106,230985,235900,241689,247573,254149
Chesapeake city, VA,230571,233371,235429,237940,240397,242634
Cheshire County, NH,76610,76115,75909,75774,75960,76493
Chester County, PA,509468,512784,515939,516312,519293,522046
Chesterfield County, VA,327745,332499,335687,339009,343599,348556
Chittenden County, VT,159515,160531,161382,161531,162372,164572
Christian County, KY,74167,74250,73309,72351,70416,71671
Christian County, MO,80899,82101,83279,84401,85432,86983
Citrus County, FL,139271,139377,141058,143621,145647,147929
Clackamas County, OR,388263,394972,401515,408062,412672,416075
Clallam County, WA,72312,72715,73486,74570,75474,76737
Clark County, IN,112938,114262,115371,116031,116973,117360
Clark County, NV,2027868,2069681,2114801,2155664,2204079,2231647
Clark County, OH,136167,136554,135959,134786,134557,134585
Clark County, WA,443817,451008,459495,467018,474643,481857
Clarke County, GA,121265,120938,123912,124707,127064,127330
Clay County, FL,196399,199798,203967,208311,212230,216072
Clay County, MO,230473,233682,235637,239085,242874,246365
Clayton County, GA,264220,267542,273955,279462,285153,289615
Clearfield County, PA,81174,81191,80994,80596,79685,79388
Clermont County, OH,200218,201560,201973,203022,204214,205466
Cleveland County, NC,97047,97076,96879,97144,97334,97645
Cleveland County, OK,269340,269908,274458,278655,279641,281669
Clinton County, MI,76739,77297,77390,77888,78443,79332
Clinton County, NY,81591,81632,81251,81073,80980,80695
Cobb County, GA,717190,730981,741334,748150,755754,756865
Cochise County, AZ,129473,127448,126427,125770,124756,126770
Coconino County, AZ,136539,137682,139097,140908,140776,142854
Cole County, MO,76699,76557,76720,76631,76708,76796
Collier County, FL,339642,348777,357305,365136,372880,378488
Collin County, TX,854778,885241,914127,939585,969603,1005146
Columbia County, FL,67543,67857,68348,69299,69612,70503
Columbia County, GA,135416,139257,144052,147450,151579,154291
Columbia County, PA,66797,67122,66672,66420,65932,65456
Columbiana County, OH,105893,105686,104806,103685,103077,102665
Comal County, TX,118480,123694,129048,134788,141009,148373
Comanche County, OK,124937,125033,124648,122136,121526,120422
Contra Costa County, CA,1094205,1111339,1126745,1135127,1147439,1150215
Cook County, IL,5240700,5246456,5238216,5203499,5211263,5180493
Coryell County, TX,76192,75562,75503,74686,74913,74808
Coweta County, GA,133180,135571,138427,140526,143114,145864
Cowlitz County, WA,101860,102133,103468,105160,106910,108987
Craighead County, AR,101488,102518,104354,105835,107115,108558
Craven County, NC,104489,104510,103451,103445,102578,102912
Crawford County, PA,87376,87175,86484,86257,86159,85063
Creek County, OK,70470,70632,70892,71312,71704,71604
Cullman County, AL,80811,81289,82005,82471,82755,83442
Cumberland County, ME,285456,287797,289977,292041,292500,293557
Cumberland County, NC,325871,326328,323838,327127,332546,332330
Cumberland County, NJ,157332,157389,155854,153797,152538,150972
Cumberland County, PA,241212,243762,246338,248506,250066,251423
Cuyahoga County, OH,1263154,1259828,1255921,1249352,1248514,1243857
Dakota County, MN,408509,412529,414686,417486,421751,425423
Dallas County, IA,74641,77400,80133,84516,87235,90180
Dallas County, TX,2480331,2518638,2553385,2574984,2618148,2637772
Dane County, WI,509939,516284,523643,531273,536416,542364
Darlington County, SC,67935,67799,67548,67234,67265,66802
Dauphin County, PA,270937,271453,272983,273707,275710,277097
Davidson County, NC,163420,164072,164622,164926,165466,166614
Davidson County, TN,658602,668347,678889,684410,691243,692587
Daviess County, KY,98218,98275,99259,99674,100374,101104
Davis County, UT,322094,329692,336043,342281,347637,351713
DeKalb County, AL,71013,71065,71130,70900,71617,71385
DeKalb County, GA,713340,722161,734871,740321,753253,756558
DeKalb County, IL,104741,105462,104352,104528,104733,104143
Delaware County, IN,117484,117074,116852,115603,115184,114772
Delaware County, OH,184979,189113,193013,196463,200464,204826
Delaware County, PA,561973,562960,563894,563402,564696,564751
Denton County, TX,728799,753363,780612,806180,836210,859064
Denver County, CO,649495,663862,682545,693060,704621,716492
Deschutes County, OR,165954,170388,175268,181307,186875,191996
DeSoto County, MS,168240,170913,173323,175611,178751,182001
District of Columbia, DC,646449,658893,672228,681170,693972,702455
Do?ña Ana County, NM,213460,213676,214295,214207,215579,217522
Dodge County, WI,88344,88574,88502,88068,87786,87847
Dorchester County, SC,145397,148469,152478,153773,156456,160647
Dougherty County, GA,92969,92407,91332,90017,89502,91243
Douglas County, CO,305963,314638,322387,328632,335299,342776
Douglas County, GA,136379,138776,140733,142224,143882,145331
Douglas County, KS,114322,116585,118053,119440,120793,121436
Douglas County, NE,537256,543244,550064,554995,561620,566880
Douglas County, OR,106940,106972,107685,108457,109405,110283
Dubuque County, IA,95697,96370,97125,97003,97041,96854
DuPage County, IL,932126,932708,933736,929368,930128,928589
Durham County, NC,288133,294460,300952,306212,311640,316739
Dutchess County, NY,296916,296579,295754,294473,295568,293718
Duval County, FL,885855,897698,913010,926255,937934,950181
East Baton Rouge Parish, LA,445227,446042,446753,447037,446268,440956
Eaton County, MI,108348,108579,108801,109160,109027,109826
Eau Claire County, WI,101438,101564,102105,102965,103671,104534
Ector County, TX,149378,153904,159436,157462,157087,162124
El Dorado County, CA,181737,183087,184452,185625,188987,190678
El Paso County, CO,655044,663519,674471,688284,699232,713856
El Paso County, TX,827718,833487,835593,837918,840410,840758
Elkhart County, IN,200563,201971,203474,203781,205032,205560
Ellis County, TX,155976,159317,163632,168499,173620,179436
Elmore County, AL,80902,80977,81468,81799,81677,81887
Erie County, NY,919866,922835,922578,921046,925528,919719
Erie County, OH,76048,75828,75550,75107,74817,74615
Erie County, PA,280294,278443,278045,276207,274541,272061
Escambia County, FL,305817,310659,311003,315187,313512,315534
Essex County, MA,762550,769091,776043,779018,785205,790638
Essex County, NJ,789565,795723,797434,796914,808285,799767
Etowah County, AL,103931,103531,103057,102564,102755,102501
Fairbanks North Star Borough, AK,100436,99357,99631,100605,99703,98971
Fairfax County, VA,1130924,1137538,1142234,1138652,1148433,1150795
Fairfield County, CT,939904,945438,948053,944177,949921,943823
Fairfield County, OH,148867,150381,151408,152597,154733,155782
Faulkner County, AR,119580,120768,121552,122227,123654,124806
Fauquier County, VA,67207,68248,68782,69069,69465,70675
Fayette County, GA,108365,109664,110714,111627,112549,113459
Fayette County, KY,308428,310797,314488,318449,321959,323780
Fayette County, PA,134999,134086,133628,132733,131504,130441
Flagler County, FL,99956,102408,105392,108310,110510,112067
Flathead County, MT,93068,94924,96165,98082,100000,102106
Florence County, SC,138326,139231,138900,138742,138566,138159
Floyd County, GA,95821,96063,96504,96560,97613,97927
Floyd County, IN,76244,76179,76778,76990,77071,77781
Fond du Lac County, WI,101798,101759,101973,102144,102548,103066
Forrest County, MS,77059,76330,75944,75979,75471,75036
Forsyth County, GA,195405,204302,212438,221009,227967,236612
Forsyth County, NC,361220,365298,369019,371511,376320,379099
Fort Bend County, TX,652365,685345,716087,741237,764828,787858
Franklin County, MA,71221,70862,70601,70382,70702,70963
Franklin County, MO,101816,102084,102426,102838,103330,103670
Franklin County, NC,,,,,66168,67560
Franklin County, OH,1212263,1231393,1251722,1264518,1291981,1310300
Franklin County, PA,152085,152892,153638,153851,154234,154835
Franklin County, WA,86638,87809,88807,90160,92125,94347
Frederick County, MD,241409,243675,245322,247591,252022,255648
Frederick County, VA,81319,82377,83199,84421,86484,88355
Fresno County, CA,955272,965974,974861,979915,989255,994400
Fulton County, GA,984293,996319,1010562,1023336,1041423,1050114
Gallatin County, MT,94720,97308,100739,104502,107810,111876
Galveston County, TX,306782,314198,322225,329431,335036,337890
Garland County, AR,97173,97322,97177,97477,98658,99154
Gaston County, NC,209420,211127,213442,216965,220182,222846
Geauga County, OH,93972,94295,94102,94060,93918,94031
Genesee County, MI,415376,412895,410849,408615,407385,406892
Gloucester County, NJ,290265,290951,291479,292330,292206,291408
Glynn County, GA,81508,82175,83579,84502,85282,85219
Grafton County, NH,89629,89658,89320,88888,89386,89786
Grand Forks County, ND,69179,70138,70916,71083,70795,70770
Grand Traverse County, MI,89987,90782,91636,92084,91807,92573
Grant County, IN,69126,68569,67979,66937,66491,65936
Grant County, WA,91878,93147,93259,93546,95158,97331
Grays Harbor County, WA,71078,70818,71122,71628,72697,73901
Grayson County, TX,122353,123534,125467,128235,131140,133991
Greene County, MO,283870,285865,288072,288690,289805,291923
Greene County, OH,163204,163820,164427,164765,166752,167995
Greene County, TN,68267,68335,68580,68615,68808,69087
Greenville County, SC,474266,482752,491863,498766,506837,514213
Greenwood County, SC,69723,69520,69838,70133,70355,70741
Gregg County, TX,123024,123204,124108,123745,123367,123707
Guadalupe County, TX,143183,147250,151249,155265,159659,163694
Guaynabo Municipio, PR,94645,92799,90879,89307,87328,83787
Guilford County, NC,506610,512119,517600,521330,526953,533670
Gwinnett County, GA,859304,877922,895823,907135,920260,927781
Hall County, GA,187745,190761,193535,196637,199335,202148
Hamilton County, IN,296693,302623,309697,316373,323747,330086
Hamilton County, OH,804520,806631,807598,809099,813822,816684
Hamilton County, TN,348673,351220,354098,357738,361613,364286
Hampden County, MA,467319,468161,470690,468467,469818,470406
Hampshire County, MA,159596,160939,161292,161816,161834,161355
Hampton city, VA,136699,136879,136454,135410,134669,134313
Hancock County, IN,71575,71978,72520,73717,74985,76351
Hancock County, OH,75773,75337,75573,75872,75754,75930
Hanover County, VA,101330,101918,103227,104392,105923,107239
Hardin County, KY,108191,108266,106439,107316,108071,110356
Harford County, MD,249215,250105,250290,251032,252160,253956
Harnett County, NC,124987,126666,128140,130881,132754,134214
Harris County, TX,4336853,4441370,4538028,4589928,4652980,4698619
Harrison County, MS,196500,199058,201410,203234,205027,206650
Harrison County, TX,66886,67336,66746,66534,66661,66726
Harrison County, WV,68972,68761,68714,68400,67811,67554
Hartford County, CT,898272,897985,895841,892389,895388,892697
Hawaii County, HI,190821,194190,196428,198449,200381,200983
Hays County, TX,176026,185025,194739,204470,214485,222631
Henderson County, NC,109540,111149,112655,114209,115708,116748
Henderson County, TX,78675,79290,79545,79901,81064,82299
Hendricks County, IN,153879,156056,158192,160610,163685,167009
Hennepin County, MN,1198778,1212064,1223149,1232483,1252024,1259428
Henrico County, VA,318611,321924,325155,326501,327898,329261
Henry County, GA,211128,213869,217739,221768,225813,230220
Hernando County, FL,174441,175855,178439,182835,186553,190865
Hidalgo County, TX,815996,831073,842304,849843,860661,865939
Highlands County, FL,97616,98236,99491,100917,102883,105424
Hillsborough County, FL,1291578,1316298,1349050,1376238,1408566,1436888
Hillsborough County, NH,403985,405184,406678,407761,409697,415247
Hinds County, MS,244899,243729,242891,241229,239497,237085
Honolulu County, HI,983429,991788,998714,992605,988650,980080
Horry County, SC,289650,298832,309199,322342,333268,344147
Houston County, AL,103668,104193,104173,104056,104346,104722
Houston County, GA,147658,149111,150033,152122,153479,155469
Howard County, IN,82760,82982,82556,82568,82363,82366
Howard County, MD,304580,309284,313414,317233,321113,323196
Hudson County, NJ,660282,669115,674836,677983,691643,676061
Humboldt County, CA,134493,134809,135727,136646,136754,136373
Hunt County, TX,87048,88493,89844,92073,93872,96493
Hunterdon County, NJ,126250,126067,125488,124676,125059,124714
Iberia Parish, LA,73878,73913,74103,73273,72176,70941
Imperial County, CA,176584,179091,180191,180883,182830,181827
Indian River County, FL,141994,144755,147919,151563,154383,157413
Indiana County, PA,87745,87706,86966,86364,84953,84501
Ingham County, MI,282234,284582,286085,288051,290186,292735
Iredell County, NC,164517,166675,169866,172916,175711,178435
Isabella County, MI,70436,70616,70698,71282,71063,70562
Island County, WA,78801,79275,80593,82636,83159,84460
Jackson County, GA,,,,,67519,70422
Jackson County, MI,160369,159741,159494,158460,158640,158823
Jackson County, MO,679996,683191,687623,691801,698895,700307
Jackson County, MS,140450,141137,141425,141241,142152,143277
Jackson County, OR,208545,210287,212567,216527,217479,219564
James City County, VA,70516,72583,73147,74404,75524,76397
Jasper County, MO,116398,117543,118596,119111,120217,120636
Jefferson County, AL,659479,660793,660367,659521,659197,659300
Jefferson County, AR,73191,72297,71565,70016,69115,68114
Jefferson County, CO,551798,558503,565524,571837,574613,580233
Jefferson County, KY,756832,760026,763623,765352,771158,770517
Jefferson County, MO,221396,222716,224124,224226,223810,224347
Jefferson County, NY,119504,119103,117635,114006,114187,111755
Jefferson County, OH,67964,67694,67347,66704,66359,65767
Jefferson County, TX,252358,252235,254308,254679,256299,255001
Jefferson County, WI,84509,84395,84559,84625,84832,85129
Jefferson Parish, LA,434767,435716,436275,436523,439036,434051
Johnson County, IA,139155,142287,144251,146547,149210,151260
Johnson County, IN,145535,147538,149633,151982,153897,156225
Johnson County, KS,566933,574272,580159,584451,591178,597555
Johnson County, TX,154707,157456,159990,163274,167301,171361
Johnston County, NC,177967,181423,185660,191450,196708,202675
Jones County, MS,68961,68290,68215,67953,67930,68461
Josephine County, OR,83306,83599,84745,85904,86352,87393
Kalamazoo County, MI,256725,258818,260263,261654,262985,264870
Kanawha County, WV,191275,190223,188332,186241,183293,180454
Kane County, IL,523643,527306,530847,531715,534667,534216
Kankakee County, IL,112120,111375,110879,110008,109605,110024
Kauai County, HI,69512,70475,71735,72029,72159,72133
Kaufman County, TX,108568,111236,114690,118350,122883,128622
Kendall County, IL,119348,121350,123355,124695,126218,127915
Kennebec County, ME,121164,121112,119980,120569,121821,122083
Kenosha County, WI,167757,168068,168437,168183,168521,169290
Kent County, DE,169416,171987,173533,174827,176824,178550
Kent County, MI,621700,629237,636369,642173,648594,653786
Kent County, RI,165035,165128,164801,164614,163760,163861
Kenton County, KY,163145,163929,165012,164945,165399,166051
Kern County, CA,864124,874589,882176,884788,893119,896764
Kershaw County, SC,,,,,65036,65592
King County, WA,2044449,2079967,2117125,2149970,2188649,2233163
Kings County, CA,150960,150269,150965,149785,150101,151366
Kings County, NY,2592149,2621793,2636735,2629150,2648771,2582830
Kitsap County, WA,253968,254183,260131,264811,266414,269805
Klamath County, OR,65910,65455,66016,66443,66935,67653
Knox County, TN,444622,448644,451324,456132,461860,465289
Kootenai County, ID,144265,147326,150346,154311,157637,161505
Kosciusko County, IN,77963,78564,78620,79092,79206,79344
La Crosse County, WI,116713,118011,118212,118122,118274,118230
Lackawanna County, PA,213931,212719,211917,211321,210761,210793
Lafayette Parish, LA,230845,235644,240098,241398,242485,242782
Lafourche Parish, LA,97141,98020,98325,98305,98426,98115
Lake County, CA,63860,64184,64591,64116,64246,64382
Lake County, FL,308034,315690,325875,335396,346017,356495
Lake County, IL,703019,705186,703910,703047,703520,700832
Lake County, IN,491456,490228,487865,485846,485640,484411
Lake County, OH,229857,229230,229245,228614,230117,230514
Lancaster County, NE,297036,301795,306468,309637,314358,317272
Lancaster County, PA,529600,533320,536624,538500,542903,543557
Lancaster County, SC,80458,83160,85842,89594,92550,95380
Lane County, OR,356212,358337,362895,369519,374748,379611
Lapeer County, MI,88389,88153,88373,88340,88174,88028
LaPorte County, IN,111281,111444,110884,110015,110029,110007
Laramie County, WY,95809,96389,97121,98136,98327,98976
Larimer County, CO,315988,324122,333577,339993,343976,350518
LaSalle County, IL,112183,111241,111333,110642,110067,109430
Lauderdale County, AL,92797,93096,92596,92318,92538,92387
Lauderdale County, MS,80254,79739,78524,77755,76155,75317
Laurens County, SC,66229,66533,66623,66777,66848,66994
Lawrence County, PA,89333,88771,88082,87294,87069,86184
Lea County, NM,68062,69999,71180,69749,68759,69611
Leavenworth County, KS,78185,78797,79315,80204,81095,81352
Lebanon County, PA,135486,136359,137067,138863,139754,141314
Lee County, AL,150933,154255,156993,158991,161604,163941
Lee County, FL,661115,679513,701982,722336,739224,754610
Lee County, MS,85340,85246,85300,85381,84933,85202
Lehigh County, PA,355092,357823,360685,363147,366494,368100
Lenawee County, MI,99188,99047,98573,98504,98623,98266
Leon County, FL,281845,283988,286272,287822,290292,292502
Lewis and Clark County, MT,65338,65856,66418,67282,67773,68700
Lewis County, WA,75081,75128,75882,77066,78200,79604
Lexington County, SC,273752,277888,281833,286196,290642,295032
Liberty County, GA,64135,65198,62467,62570,,
Liberty County, TX,76907,78117,79654,81704,83658,86323
Licking County, OH,168375,169390,170570,172198,173448,175769
Limestone County, AL,88845,90787,91663,92753,94402,96174
Lincoln County, NC,79740,79829,81035,81168,82403,83770
Linn County, IA,216111,217751,219916,221661,224115,225909
Linn County, OR,118765,119356,120547,122849,125047,127335
Litchfield County, CT,186924,184993,183603,182571,182177,181111
Livingston County, MI,184443,185596,187316,188624,189651,191224
Livingston County, NY,64705,64586,64717,64257,63799,63227
Livingston Parish, LA,134053,135751,137788,140138,138228,139567
Lonoke County, AR,70753,71557,71645,72228,72898,73657
Lorain County, OH,302827,304216,305147,306365,307924,309461
Los Angeles County, CA,10017068,10116705,10170292,10137915,10163507,10105518
Loudoun County, VA,349679,363050,375629,385945,398080,406850
Lowndes County, GA,112916,113523,112865,114628,115489,116321
Lubbock County, TX,289324,293974,299453,303137,305225,307412
Lucas County, OH,436393,435286,433689,432488,430887,429899
Luzerne County, PA,320103,318829,318449,316383,317343,317646
Lycoming County, PA,116754,116508,116048,115248,113841,113664
Lynchburg city, VA,78014,79047,79812,80212,80995,82126
Macomb County, MI,854769,860112,864840,867730,871375,874759
Macon County, IL,109278,108350,107303,106550,105801,104712
Madera County, CA,152389,154548,154998,154697,156890,157672
Madison County, AL,346892,350299,353089,356967,361046,366519
Madison County, IL,267225,266560,266209,265759,265428,264461
Madison County, IN,130482,130069,129723,129296,129498,129641
Madison County, KY,85590,87340,87824,89547,91226,92368
Madison County, MS,100412,101688,103465,105114,104618,105630
Madison County, NY,72382,72369,71849,71329,70965,70795
Madison County, TN,98733,98178,97610,97663,97643,97605
Mahoning County, OH,233869,233204,231900,230008,229796,229642
Manatee County, FL,342106,351746,363369,375888,385571,394855
Manitowoc County, WI,80654,80160,79806,79536,79175,79074
Marathon County, WI,135416,135780,135868,135603,135732,135428
Maricopa County, AZ,4009412,4087191,4167947,4242997,4307033,4410824
Marin County, CA,258365,260750,261221,260651,260955,259666
Marion County, FL,337362,339167,343254,349020,354353,359977
Marion County, IN,928281,934243,939020,941229,950082,954670
Marion County, OH,65905,65720,65355,65096,64967,65256
Marion County, OR,323614,326110,330700,336316,341286,346868
Marquette County, MI,67700,67676,67215,66435,66502,66516
Marshall County, AL,94760,94636,94725,95157,95548,96109
Martin County, FL,151263,153392,156283,158701,159923,160912
Mason County, WA,,,,,,65507
Matanuska-Susitna Borough, AK,95192,97882,101095,104365,106532,107610
Maui County, HI,160195,163046,164593,165379,166271,167218
Maury County, TN,83761,85515,87757,89981,92163,94340
Mayag?¬ez Municipio, PR,84170,81915,79510,77748,75525,71986
McCracken County, KY,65373,65316,65018,65162,65385,65346
McHenry County, IL,307409,307283,307343,307004,309122,308570
McKinley County, NM,73308,74098,76708,74923,72564,72290
McLean County, IL,174647,174061,173166,172418,172290,172828
McLennan County, TX,241481,243441,245671,247934,251259,254607
Mecklenburg County, NC,990977,1012539,1034070,1054835,1076837,1093901
Medina County, OH,174915,176029,176395,177221,178371,179146
Mendocino County, CA,87192,87869,87649,87628,88018,87606
Merced County, CA,263228,266353,268455,268672,272673,274765
Mercer County, NJ,370414,371537,371398,371023,374733,369811
Mercer County, PA,115195,114884,114234,112913,111750,110683
Merrimack County, NH,146849,147171,147994,148582,149216,151132
Mesa County, CO,147554,148255,148513,150083,151616,153207
Miami County, OH,103439,103900,104224,104679,105122,106222
Miami-Dade County, FL,2617176,2662874,2693117,2712945,2751796,2761581
Middlesex County, CT,165562,164943,164063,163329,163410,162682
Middlesex County, MA,1552802,1570315,1585139,1589774,1602947,1614714
Middlesex County, NJ,828919,836297,840900,837073,842798,829685
Midland County, MI,83919,83427,83632,83462,83411,83209
Midland County, TX,151468,155830,161077,162565,165049,172578
Milwaukee County, WI,956023,956406,957735,951448,952085,948201
Minnehaha County, SD,179640,182882,185197,187318,188616,192876
Missoula County, MT,111807,112684,114181,116130,117441,118791
Mobile County, AL,414079,415123,415395,414836,413955,413757
Mohave County, AZ,203030,203361,204737,205249,207200,209550
Monmouth County, NJ,629672,629279,628715,625846,626351,621354
Monongalia County, WV,102274,103463,104236,104622,105030,106420
Monroe County, FL,76351,77136,77482,79077,77013,75027
Monroe County, IN,141888,143339,144705,145496,146986,146917
Monroe County, MI,150376,149824,149568,149208,149649,150439
Monroe County, NY,749606,749857,749600,747727,747642,742474
Monroe County, PA,167148,166314,166397,166098,168046,169507
Monterey County, CA,428826,431344,433898,435232,437907,435594
Montgomery County, AL,226659,226189,226519,226349,226646,225763
Montgomery County, MD,1016677,1030447,1040116,1043863,1058810,1052567
Montgomery County, OH,535846,533116,532258,531239,531542,532331
Montgomery County, PA,812376,816857,819264,821725,826075,828604
Montgomery County, TN,184119,189961,193479,195734,200182,205950
Montgomery County, TX,499137,518947,537559,556203,570934,590925
Montgomery County, VA,96207,97244,97653,98602,98559,98985
Moore County, NC,91587,93077,94352,95776,97264,98682
Morgan County, AL,119787,119607,119565,119012,118818,119089
Morgan County, IN,69782,69693,69648,69698,69713,70116
Morris County, NJ,499397,499727,499509,498423,499693,494228
Multnomah County, OR,766135,776712,790294,799766,807555,811880
Muscogee County, GA,202824,200887,200579,197485,194058,194160
Muskegon County, MI,171008,172344,172790,173408,173693,173588
Muskingum County, OH,85231,85818,86290,86068,86149,86183
Muskogee County, OK,70303,69966,69699,69477,69086,68362
Nacogdoches County, TX,65330,65301,65664,65806,65580,65711
Napa County, CA,140326,141667,142456,142166,140973,139417
Nash County, NC,95093,94357,93919,94005,93991,94016
Nassau County, FL,75710,76619,78444,80622,82721,85832
Nassau County, NY,1352146,1358627,1361350,1361500,1369514,1358343
Natrona County, WY,80973,81624,82178,81039,79547,79115
Navajo County, AZ,107322,108101,108277,110026,108956,110445
Nevada County, CA,98200,98893,98877,99107,99814,99696
New Castle County, DE,549684,552778,556779,556987,559793,559335
New Hanover County, NC,213267,216298,220358,223483,227198,232274
New Haven County, CT,862287,861277,859470,856875,860435,857620
New London County, CT,274150,273676,271863,269801,269033,266784
New York County, NY,1626159,1636268,1644518,1643734,1664727,1628701
Newport County, RI,82397,82358,82423,82784,83460,82542
Newport News city, VA,182020,182965,182385,181825,179388,178626
Newton County, GA,102446,103675,105473,106999,108078,109541
Niagara County, NY,214249,213525,212652,211758,211328,210433
Norfolk city, VA,246139,245428,246393,245115,244703,244076
Norfolk County, MA,687802,692254,696023,697181,700322,705388
Northampton County, PA,299791,300654,300813,302294,303405,304807
Northumberland County, PA,94076,93944,93246,92541,92029,91083
Nueces County, TX,352107,356221,359715,361350,361221,362265
Oakland County, MI,1231640,1237868,1242304,1243970,1250836,1259201
Ocean County, NJ,583414,586301,588721,592497,597943,601651
Oconee County, SC,75045,75192,75713,76355,77270,78374
Okaloosa County, FL,193811,196512,198664,201170,202970,207269
Oklahoma County, OK,755245,766215,776864,782970,787958,792582
Oldham County, KY,,,,65560,66415,66470
Olmsted County, MN,149226,150287,151436,153102,154930,156277
Oneida County, NY,233585,232871,232500,231190,231332,229577
Onondaga County, NY,468387,468196,468463,466194,465398,461809
Onslow County, NC,185220,187589,186311,187136,193893,197683
Ontario County, NY,109103,109707,109561,109828,109899,109864
Orange County, CA,3114363,3145515,3169776,3172532,3190400,3185968
Orange County, FL,1225267,1253001,1288126,1314367,1348975,1380645
Orange County, NC,140352,140420,141354,141796,144946,146027
Orange County, NY,375592,376099,377647,379210,382226,381951
Orange County, TX,82957,83433,84260,84964,85047,83572
Orangeburg County, SC,90942,90090,89208,87903,87476,86934
Orleans Parish, LA,378715,384320,389617,391495,393292,391006
Osceola County, FL,298504,310211,323993,336015,352180,367990
Oswego County, NY,121165,120913,120146,118987,118478,117898
Otero County, NM,65616,65082,64362,65410,65817,66781
Ottawa County, MI,272701,276292,279955,282250,286383,290494
Ouachita Parish, LA,156220,156325,156761,156983,155874,154475
Outagamie County, WI,180345,182006,183245,184526,186059,187365
Ozaukee County, WI,87054,87470,87850,88314,88429,89147
Palm Beach County, FL,1372171,1397710,1422789,1443810,1471150,1485941
Parker County, TX,121418,123164,126042,129441,133463,138371
Pasco County, FL,475502,485331,497909,512368,525643,539630
Passaic County, NJ,505672,508856,510916,507945,512607,503310
Paulding County, GA,146950,148987,152238,155825,159445,164044
Payne County, OK,79066,80264,80850,81131,81575,82040
Pennington County, SD,105761,108242,108702,109372,110141,111729
Penobscot County, ME,153364,153414,152692,151806,151957,151096
Peoria County, IL,188429,187319,186221,185006,183011,180621
Philadelphia County, PA,1553165,1560297,1567442,1567872,1580863,1584138
Pickens County, SC,119829,120368,121691,122863,123479,124937
Pierce County, WA,819743,831928,843954,861312,876764,891299
Pike County, KY,63380,63034,61792,,,
Pima County, AZ,996554,1004516,1010025,1016206,1022769,1039073
Pinal County, AZ,389350,401918,406584,418540,430237,447138
Pinellas County, FL,929048,938098,949827,960730,970637,975280
Pitt County, NC,174263,175354,175842,177220,179042,179914
Placer County, CA,367309,371694,375391,380531,386166,393149
Platte County, MO,93310,94788,96096,98309,101187,102985
Plymouth County, MA,501915,507022,510393,513565,515142,518132
Polk County, FL,623009,634638,650092,666149,686483,708009
Polk County, IA,451677,459862,467711,474045,481830,487204
Polk County, OR,76794,77916,79391,81823,83696,85234
Ponce Municipio, PR,157118,153540,149028,145278,140859,133191
Portage County, OH,163862,161882,162275,161921,162277,162927
Portage County, WI,70380,70482,70408,70447,70474,70942
Porter County, IN,166557,167076,167688,167791,168404,169594
Portsmouth city, VA,96205,96004,96201,95252,94572,94632
Pottawatomie County, OK,71158,71811,71875,72290,72226,72679
Pottawattamie County, IA,92728,93128,93671,93582,93386,93533
Potter County, TX,121661,121627,121802,120832,120458,119648
Prince George's County, MD,890081,904430,909535,908049,912756,909308
Prince William County, VA,438580,446094,451721,455210,463023,468011
Providence County, RI,628600,631974,633473,633673,637357,636084
Pueblo County, CO,161451,161875,163591,165123,166475,167529
Pulaski County, AR,391284,392702,392664,393250,393956,392680
Putnam County, FL,72577,72143,72023,72277,73464,74163
Putnam County, NY,99645,99487,99042,98900,99323,98892
Putnam County, TN,73525,74165,74553,75931,77674,78843
Queens County, NY,2296175,2321580,2339150,2333054,2358582,2278906
Racine County, WI,195041,195163,195080,195140,196071,196584
Raleigh County, WV,78833,78241,77510,76601,75022,74254
Ramsey County, MN,526714,532655,538133,540649,547974,550210
Randall County, TX,126474,128220,130269,132501,134442,136271
Randolph County, NC,142577,142778,142799,143416,143282,143351
Rankin County, MS,146767,148070,149039,150228,152080,153902
Rapides Parish, LA,132723,132488,132141,132424,131648,130562
Rensselaer County, NY,159918,159774,160266,160070,159722,159442
Rice County, MN,65049,65151,65400,65622,65968,66523
Richland County, OH,121773,121942,121707,121107,120589,121099
Richland County, SC,399256,401566,407051,409549,411592,414576
Richmond city, VA,214114,217853,220289,223170,227032,228783
Richmond County, GA,202003,201368,201793,201647,201800,201554
Richmond County, NY,472621,473279,474558,476015,479458,476179
Riley County, KS,75394,75194,75247,73343,74172,73703
Riverside County, CA,2292507,2329271,2361026,2387741,2423266,2450758
Roanoke city, VA,98465,99428,99897,99660,99837,99920
Roanoke County, VA,93524,93785,94409,94031,93730,94073
Robertson County, TN,67383,68079,68570,69165,70177,71012
Robeson County, NC,134841,134760,134197,133235,132606,131831
Rock County, WI,160739,161188,161448,161620,162309,163129
Rock Island County, IL,147258,146063,146133,144784,144808,143477
Rockdale County, GA,86919,87754,88856,89355,90312,90594
Rockingham County, NC,91878,91696,91758,91393,90949,90690
Rockingham County, NH,299134,300621,301777,303251,306363,309176
Rockingham County, VA,77741,78171,78593,79744,80227,81244
Rockland County, NY,320903,323866,326037,326780,328868,325695
Rockwall County, TX,85245,87809,90861,93978,96788,100657
Rogers County, OK,89044,89815,90802,91766,91444,91984
Ross County, OH,77910,77159,77170,77000,77313,76931
Rowan County, NC,138323,138630,139142,139933,140644,141262
Rutherford County, NC,66956,66600,66390,66421,66551,66826
Rutherford County, TN,281029,288906,298612,308251,317157,324890
Sacramento County, CA,1462131,1482026,1501335,1514460,1530615,1540975
Saginaw County, MI,196542,195012,193307,192326,191934,190800
Salem County, NJ,65166,64715,64180,63436,62792,62607
Saline County, AR,114404,115719,117460,118703,119323,121421
Salt Lake County, UT,1079721,1091742,1107314,1121354,1135649,1152633
San Bernardino County, CA,2088371,2112619,2128133,2140096,2157404,2171603
San Diego County, CA,3211252,3263431,3299521,3317749,3337685,3343364
San Francisco County, CA,837442,852469,864816,870887,884363,883305
San Joaquin County, CA,704379,715597,726106,733709,745424,752660
San Juan County, NM,126503,123785,118737,115079,126926,125043
San Juan Municipio, PR,374682,365575,355074,347052,337288,320967
San Luis Obispo County, CA,276443,279083,281401,282887,283405,284010
San Mateo County, CA,747373,758581,765135,764797,771410,769545
San Patricio County, TX,66137,66915,67357,67655,67215,66893
Sandoval County, NM,136575,137608,139394,142025,142507,145179
Sangamon County, IL,199145,198997,198712,197499,196452,195348
Santa Barbara County, CA,435697,440668,444769,446170,448150,446527
Santa Clara County, CA,1862041,1894605,1918044,1919402,1938153,1937570
Santa Cruz County, CA,269419,271804,274146,274673,275897,274255
Santa Fe County, NM,147423,148164,148686,148651,148750,150056
Santa Rosa County, FL,161096,163422,167040,170497,174272,179349
Sarasota County, FL,390429,396962,405549,412569,419119,426718
Saratoga County, NY,223865,224921,226249,227053,229869,230163
Sarpy County, NE,169331,172193,175692,179023,181439,184459
Schenectady County, NY,155333,155735,154604,154553,155565,155350
Schuylkill County, PA,146920,145797,144590,143573,142569,142067
Scioto County, OH,78153,77258,76825,76088,75929,75502
Scott County, IA,170385,171387,172126,172474,172509,173283
Scott County, MN,137232,139672,141660,143680,145827,147381
Sebastian County, AR,127342,126776,127780,127793,128107,127753
Sedgwick County, KS,505415,508803,511574,511995,513687,513607
Seminole County, FL,436041,442516,449144,455479,462659,467832
Sevier County, TN,93570,95110,95946,96673,97638,97892
Shasta County, CA,178980,179804,179533,179631,179921,180040
Shawnee County, KS,178831,178406,178725,178146,178187,177499
Sheboygan County, WI,114922,115290,115569,115427,115344,115456
Shelby County, AL,204180,206655,208713,210622,213605,215707
Shelby County, TN,939465,938803,938069,934603,936961,935764
Sherburne County, MN,90158,91126,91705,93528,94570,96036
Shiawassee County, MI,68900,68933,68619,68554,68446,68192
Skagit County, WA,118837,120365,121846,123681,125619,128206
Smith County, TX,216080,218842,222936,225290,227727,230221
Snohomish County, WA,745913,759583,772501,787620,801633,814901
Solano County, CA,424788,431131,436092,440207,445458,446610
Somerset County, NJ,330585,332568,333654,333751,335432,331164
Somerset County, PA,76520,76218,75522,75061,74501,73952
Sonoma County, CA,495025,500292,502146,503070,504217,499942
Spalding County, GA,,,,,65380,66100
Spartanburg County, SC,290969,293542,297302,301463,306854,313888
Spokane County, WA,479398,484318,490945,499072,506152,514631
Spotsylvania County, VA,127348,129188,130475,132010,133033,134238
St. Charles County, MO,373495,379493,385590,390918,395504,399182
St. Clair County, AL,86308,86697,87074,88019,88199,88690
St. Clair County, IL,266955,265729,264052,262759,262479,261059
St. Clair County, MI,160469,160078,159875,159587,159350,159337
St. Croix County, WI,85930,86759,87513,88029,88703,89694
St. Francois County, MO,66215,65960,66520,66627,66705,66692
St. Johns County, FL,209647,217919,226640,235087,243812,254261
St. Joseph County, IN,266709,267618,268441,269141,270434,270771
St. Landry Parish, LA,83454,83709,83848,83883,83497,82764
St. Lawrence County, NY,111963,111400,111007,110038,109623,108047
St. Louis city, MO,318416,317419,315685,311404,308626,302838
St. Louis County, MN,200540,200949,200431,199980,200000,199754
St. Louis County, MO,1001444,1001876,1003362,998581,996726,996945
St. Lucie County, FL,286832,291028,298563,306507,313506,321128
St. Mary's County, MD,109633,110382,111413,112587,112667,112664
St. Tammany Parish, LA,242333,245829,250088,253602,256327,258111
Stafford County, VA,136788,139992,142003,144361,146649,149960
Stanislaus County, CA,525491,531997,538388,541560,547899,549815
Stark County, OH,375432,375736,375165,373612,372542,371574
Stearns County, MN,152092,152912,154708,155652,157822,159256
Steuben County, NY,98650,98394,97631,96940,96281,95796
Story County, IA,92406,94073,96021,97090,97502,98105
Strafford County, NH,124593,125604,126825,127428,128613,130090
Suffolk city, VA,85728,86806,88161,89273,90237,91185
Suffolk County, MA,755503,767254,778121,784230,797939,807252
Suffolk County, NY,1499738,1502968,1501587,1492583,1492953,1481093
Sullivan County, NY,76665,75943,74877,74801,75485,75498
Sullivan County, TN,156595,157047,156791,156667,157158,157668
Summit County, OH,541824,541943,541968,540300,541228,541918
Sumner County, TN,168888,172706,175989,180063,183545,187149
Sumter County, FL,107056,114350,118891,123996,125165,128754
Sumter County, SC,108123,107919,107480,107396,106847,106512
Surry County, NC,73050,72968,72743,72113,72224,71948
Sussex County, DE,206649,210849,215622,220251,225322,229286
Sussex County, NJ,145992,144909,143673,142522,141682,140799
Sutter County, CA,95350,95847,96463,96651,96648,96807
Talladega County, AL,81096,81322,80862,80103,80065,79828
Tangipahoa Parish, LA,125412,127049,128755,130710,132497,133777
Tarrant County, TX,1911541,1945360,1982498,2016872,2054475,2084931
Taylor County, TX,134117,135143,136051,136535,136290,137640
Tazewell County, IL,136352,135707,134800,134385,133526,132328
Terrebonne Parish, LA,112749,113328,113972,113220,112086,111021
Thurston County, WA,262388,265851,269536,275222,280588,286419
Tippecanoe County, IN,180174,183074,185826,188059,190587,193048
Toa Alta Municipio, PR,75292,74837,74368,73980,73217,71094
Toa Baja Municipio, PR,85971,84165,82065,80207,78092,74623
Tolland County, CT,151377,151367,151420,151118,151461,150921
Tom Green County, TX,114954,116608,118105,118386,118019,118189
Tompkins County, NY,103617,104691,104926,104871,104802,102793
Tooele County, UT,,,,,67456,69907
Travis County, TX,1120954,1151145,1176558,1199323,1226698,1248743
Troup County, GA,69053,69469,69763,70005,69786,70034
Trujillo Alto Municipio, PR,72581,71019,69615,68242,66675,63746
Trumbull County, OH,206442,205175,203751,201825,200380,198627
Tulare County, CA,454143,458198,459863,460437,464493,465861
Tulsa County, OK,622409,629598,639242,642940,646266,648360
Tuscaloosa County, AL,200821,202212,203976,206102,207811,208911
Tuscarawas County, OH,92672,92788,92916,92420,92297,92176
Twin Falls County, ID,79957,80914,82375,83514,85124,86081
Ulster County, NY,180998,180445,180143,179225,179417,178599
Umatilla County, OR,76720,76705,76531,76456,76985,77516
Union County, NC,212756,218568,222742,226606,231366,235908
Union County, NJ,548256,552939,555786,555630,563892,558067
Utah County, UT,551891,560974,575205,592299,606425,622213
Valencia County, NM,76284,75817,75737,75626,75940,76456
Van Buren County, MI,75455,75199,75077,75223,75353,75448
Vanderburgh County, IN,181398,182006,181877,181721,181616,180974
Ventura County, CA,839620,846178,850536,849738,854223,850967
Vermilion County, IL,80329,79728,79282,78111,77909,76806
Victoria County, TX,90028,91081,92382,92467,92084,92035
Vigo County, IN,108291,108175,107896,107931,107516,107386
Virginia Beach city, VA,448479,450980,452745,452602,450435,450189
Volusia County, FL,500800,507531,517887,529364,538692,547538
Wagoner County, OK,75700,75702,76559,77679,78657,80110
Wake County, NC,974289,998691,1024198,1046791,1072203,1092305
Walker County, AL,65998,65471,65294,64967,64058,63711
Walker County, GA,68198,68218,68066,67896,68939,69410
Walker County, TX,68817,69789,70699,71484,72245,72480
Walton County, FL,,,,65889,68376,71375
Walton County, GA,85754,87615,88399,90184,91600,93503
Walworth County, WI,102945,103527,102804,102959,103082,103718
Ward County, ND,67990,69384,71275,70210,68946,67744
Warren County, KY,118370,120460,122851,125532,128845,131264
Warren County, NJ,107379,106917,106869,106617,106798,105779
Warren County, NY,65337,64973,64688,64567,64532,64265
Warren County, OH,219169,221659,224469,227063,228882,232173
Washington County, AR,216410,220792,225477,228049,231996,236961
Washington County, MD,149588,149573,149585,150292,150578,150926
Washington County, MN,246603,249283,251597,253117,256348,259201
Washington County, OR,554996,562998,574326,582779,588957,597695
Washington County, PA,208206,208187,208261,207981,207298,207346
Washington County, RI,126259,126653,126517,126288,126150,126179
Washington County, TN,125546,126242,126302,127440,127806,128607
Washington County, UT,147800,151948,155602,160245,165662,171700
Washington County, WI,132739,133251,133674,134296,135101,135693
Washoe County, NV,433731,440078,446903,453616,460587,465735
Washtenaw County, MI,354240,356874,358880,364709,367627,370963
Waukesha County, WI,393843,395118,396488,398424,400621,403072
Wayne County, IN,67893,67671,67001,66568,66185,65936
Wayne County, MI,1775273,1764804,1759335,1749366,1753616,1753893
Wayne County, NC,124583,124456,124132,124150,124172,123248
Wayne County, NY,92473,92051,91446,90798,90670,90064
Wayne County, OH,115071,115537,116063,116470,116038,115967
Webb County, TX,262495,266673,269721,271193,274794,275910
Weber County, UT,238519,240475,243645,247560,251769,256359
Weld County, CO,269785,277670,285174,294932,304633,314305
Westchester County, NY,968802,972634,976396,974542,980244,967612
Westmoreland County, PA,362437,359320,357956,355458,352627,350611
Whatcom County, WA,206353,208351,212284,216800,221404,225685
White County, AR,78483,78592,79161,79263,79016,78727
Whitfield County, GA,102945,103542,104216,104589,104658,104062
Wichita County, TX,132047,132355,131705,131838,132000,132064
Wicomico County, MD,100896,101539,102370,102577,102923,103195
Wilkes County, NC,69023,68838,68502,68740,68576,68557
Will County, IL,682829,685419,687263,689529,692661,692310
Williamson County, IL,66924,67008,67466,67560,67328,67056
Williamson County, TN,198901,205226,211672,219107,226257,231729
Williamson County, TX,471014,489250,508514,528718,547545,566719
Wilson County, NC,81667,81401,81714,81661,81671,81455
Wilson County, TN,121945,125376,128911,132781,136442,140625
Windham County, CT,117604,116998,116573,116192,116359,117027
Winnebago County, IL,290666,288542,287078,285873,284778,284081
Winnebago County, WI,169541,169511,169546,169886,170414,171020
Wise County, TX,,,,,66181,68305
Wood County, OH,129264,129590,129730,130219,130492,130696
Wood County, WI,73959,73608,73435,73107,73126,73055
Wood County, WV,86569,86237,86452,85643,85104,84203
Woodbury County, IA,102130,102271,102782,102779,102429,102539
Worcester County, MA,809106,813475,818963,819589,826116,830839
Wright County, MN,128470,129918,131311,132550,134286,136349
Wyandotte County, KS,160384,161636,163369,163831,165288,165324
Yakima County, WA,247044,247687,248830,249636,250193,251446
Yamhill County, OR,100725,101758,102659,105035,105722,107002
Yavapai County, AZ,215133,218844,222255,225562,228168,231993
Yellowstone County, MT,154162,155634,157048,158437,158980,160137
Yolo County, CA,204593,207590,213016,215802,219116,220408
York County, ME,199431,200710,201169,202343,204191,206229
York County, PA,438965,440755,442867,443744,446078,448273
York County, SC,239363,245346,251195,258526,266439,274118
York County, VA,66269,66342,67837,67976,67739,67846
Yuba County, CA,73340,73966,74492,75275,77031,78041
Yuma County, AZ,201201,203247,204275,205631,207534,212128
